#
# There is insufficient memory for the Java Runtime Environment to continue.
# Native memory allocation (malloc) failed to allocate 1734344 bytes. Error detail: Chunk::new
# Possible reasons:
#   The system is out of physical RAM or swap space
#   This process is running with CompressedOops enabled, and the Java Heap may be blocking the growth of the native heap
# Possible solutions:
#   Reduce memory load on the system
#   Increase physical memory or swap space
#   Check if swap backing store is full
#   Decrease Java heap size (-Xmx/-Xms)
#   Decrease number of Java threads
#   Decrease Java thread stack sizes (-Xss)
#   Set larger code cache with -XX:ReservedCodeCacheSize=
#   JVM is running with Unscaled Compressed Oops mode in which the Java heap is
#     placed in the first 4GB address space. The Java Heap base address is the
#     maximum limit for the native heap growth. Please use -XX:HeapBaseMinAddress
#     to set the Java Heap base and to place the Java Heap above 4GB virtual address.
# This output file may be truncated or incomplete.
#
#  Out of Memory Error (arena.cpp:186), pid=2476, tid=8700
#
# JRE version: OpenJDK Runtime Environment (25.0.3) (build 25.0.3+-15898627-b508.16)
# Java VM: OpenJDK 64-Bit Server VM (25.0.3+-15898627-b508.16, mixed mode, tiered, compressed oops, compressed class ptrs, g1 gc, windows-amd64)
# No core dump will be written. Minidumps are not enabled by default on client versions of Windows
#

---------------  S U M M A R Y ------------

Command Line: --add-opens=java.base/java.lang=ALL-UNNAMED --add-opens=java.base/java.lang.invoke=ALL-UNNAMED --add-opens=java.base/java.util=ALL-UNNAMED --add-opens=java.prefs/java.util.prefs=ALL-UNNAMED --add-exports=jdk.compiler/com.sun.tools.javac.api=ALL-UNNAMED --add-exports=jdk.compiler/com.sun.tools.javac.util=ALL-UNNAMED --add-opens=java.base/java.nio.charset=ALL-UNNAMED --add-opens=java.base/java.net=ALL-UNNAMED --add-opens=java.base/java.util.concurrent=ALL-UNNAMED --add-opens=java.base/java.util.concurrent.atomic=ALL-UNNAMED --add-opens=java.xml/javax.xml.namespace=ALL-UNNAMED --add-opens=java.base/java.time=ALL-UNNAMED --enable-native-access=ALL-UNNAMED -Xmx2048m -Dfile.encoding=UTF-8 -Duser.country=PE -Duser.language=es -Duser.variant -javaagent:C:\Users\Admin\.gradle\wrapper\dists\gradle-9.6.0-bin\42k10rwplmzkhuboz9kdazi7s\gradle-9.6.0\lib\agents\gradle-instrumentation-agent-9.6.0.jar org.gradle.launcher.daemon.bootstrap.GradleDaemon 9.6.0

Host: Intel(R) Core(TM) 5 210H, 12 cores, 7G,  Windows 11 , 64 bit Build 22621 (10.0.22621.3371)
Time: Mon Sep  7 23:48:13 2026 Hora est. Pacífico, Sudamérica elapsed time: 482.862924 seconds (0d 0h 8m 2s)

---------------  T H R E A D  ---------------

Current thread (0x0000020e2700e140):  JavaThread "C2 CompilerThread1" daemon [_thread_in_native, id=8700, stack(0x0000008273400000,0x0000008273500000) (1024K)]


Current CompileTask:
C2:482864 29231 %     4       com.android.tools.r8.internal.sx1::d @ 439 (2125 bytes)

Stack: [0x0000008273400000,0x0000008273500000]
Native frames: (J=compiled Java code, j=interpreted, Vv=VM code, C=native code)
V  [jvm.dll+0x7bf039]  (no source info available)
V  [jvm.dll+0x78912d]  (no source info available)
V  [jvm.dll+0xa0e615]  (no source info available)
V  [jvm.dll+0xa10c94]  (no source info available)
V  [jvm.dll+0xa11393]  (no source info available)
V  [jvm.dll+0x30a116]  (no source info available)
V  [jvm.dll+0x10eda9]  (no source info available)
V  [jvm.dll+0x10f0d2]  (no source info available)
V  [jvm.dll+0x38d355]  (no source info available)
V  [jvm.dll+0x6cf5cc]  (no source info available)
V  [jvm.dll+0x2d6db5]  (no source info available)
V  [jvm.dll+0x2d71af]  (no source info available)
V  [jvm.dll+0x2cf839]  (no source info available)
V  [jvm.dll+0x2cd542]  (no source info available)
V  [jvm.dll+0x24334a]  (no source info available)
V  [jvm.dll+0x2dd025]  (no source info available)
V  [jvm.dll+0x2db226]  (no source info available)
V  [jvm.dll+0x49c12e]  (no source info available)
V  [jvm.dll+0x9ad738]  (no source info available)
V  [jvm.dll+0x7bd585]  (no source info available)
C  [ucrtbase.dll+0x29333]  (no source info available)
C  [KERNEL32.DLL+0x1257d]  (no source info available)
C  [ntdll.dll+0x5aa48]  (no source info available)

Lock stack of current Java thread (top to bottom):


---------------  P R O C E S S  ---------------

Threads class SMR info:
_java_thread_list=0x0000020e29314500, length=108, elements={
0x0000020e7dedf0a0, 0x0000020e18022d40, 0x0000020e18024cc0, 0x0000020e18063290,
0x0000020e18063b80, 0x0000020e18064340, 0x0000020e18036a50, 0x0000020e18037210,
0x0000020e1803a110, 0x0000020e1803e930, 0x0000020e184bcce0, 0x0000020e1e8a5920,
0x0000020e1ee6e950, 0x0000020e1ea9c850, 0x0000020e1edbffc0, 0x0000020e1edc0790,
0x0000020e1f61bde0, 0x0000020e1f618730, 0x0000020e1f619ea0, 0x0000020e1f61cd80,
0x0000020e1f616fc0, 0x0000020e1f6196d0, 0x0000020e1f61e4f0, 0x0000020e18b28130,
0x0000020e18b261f0, 0x0000020e18b27190, 0x0000020e18b242b0, 0x0000020e18b24a80,
0x0000020e18b22370, 0x0000020e18b269c0, 0x0000020e18b27960, 0x0000020e1f345410,
0x0000020e1fed8f20, 0x0000020e1fedd570, 0x0000020e20125ad0, 0x0000020e280e1410,
0x0000020e28652e50, 0x0000020e28653620, 0x0000020e28653df0, 0x0000020e21fdb550,
0x0000020e21fddc60, 0x0000020e21fdad80, 0x0000020e21fdccc0, 0x0000020e21fdbd20,
0x0000020e21fdc4f0, 0x0000020e293b8640, 0x0000020e293b6ed0, 0x0000020e293b7e70,
0x0000020e293b76a0, 0x0000020e27a6e1e0, 0x0000020e27a6f950, 0x0000020e27a71890,
0x0000020e27a708f0, 0x0000020e27a6e9b0, 0x0000020e27a70120, 0x0000020e27a710c0,
0x0000020e27a6f180, 0x0000020e20141bd0, 0x0000020e286a3180, 0x0000020e2752d080,
0x0000020e2752b910, 0x0000020e275299d0, 0x0000020e28b8cc40, 0x0000020e28b8dbe0,
0x0000020e28b8c470, 0x0000020e280c9bb0, 0x0000020e280c93e0, 0x0000020e286ead00,
0x0000020e286ecc40, 0x0000020e286eb4d0, 0x0000020e220dc590, 0x0000020e220dae20,
0x0000020e220dcd60, 0x0000020e220dd530, 0x0000020e220ddd00, 0x0000020e220da650,
0x0000020e27a92d70, 0x0000020e292a7610, 0x0000020e20142b70, 0x0000020e1f7cc130,
0x0000020e21019000, 0x0000020e283d71a0, 0x0000020e27f19ad0, 0x0000020e27f16420,
0x0000020e1f7ce840, 0x0000020e20fe3ec0, 0x0000020e20fe4690, 0x0000020e20fe17b0,
0x0000020e1f7ce070, 0x0000020e286ebca0, 0x0000020e289993d0, 0x0000020e28999ba0,
0x0000020e28e21750, 0x0000020e28e207b0, 0x0000020e27f18360, 0x0000020e2700e140,
0x0000020e27f18b30, 0x0000020e295dc660, 0x0000020e295dce30, 0x0000020e28e1f810,
0x0000020e28e20f80, 0x0000020e20143340, 0x0000020e20144ab0, 0x0000020e20143b10,
0x0000020e320c1270, 0x0000020e28a578b0, 0x0000020e320bf330, 0x0000020e320c1a40
}

Java Threads: ( => current thread )
  0x0000020e7dedf0a0 JavaThread "main"                              [_thread_blocked, id=11716, stack(0x000000826b900000,0x000000826ba00000) (1024K)]
  0x0000020e18022d40 JavaThread "Common-Cleaner"             daemon [_thread_blocked, id=11092, stack(0x000000826c100000,0x000000826c200000) (1024K)]
  0x0000020e18024cc0 JavaThread "Reference Handler"          daemon [_thread_blocked, id=6492, stack(0x000000826c200000,0x000000826c300000) (1024K)]
  0x0000020e18063290 JavaThread "Finalizer"                  daemon [_thread_blocked, id=1588, stack(0x000000826c300000,0x000000826c400000) (1024K)]
  0x0000020e18063b80 JavaThread "Signal Dispatcher"          daemon [_thread_blocked, id=1940, stack(0x000000826c400000,0x000000826c500000) (1024K)]
  0x0000020e18064340 JavaThread "Attach Listener"            daemon [_thread_blocked, id=1536, stack(0x000000826c500000,0x000000826c600000) (1024K)]
  0x0000020e18036a50 JavaThread "Service Thread"             daemon [_thread_blocked, id=1456, stack(0x000000826c600000,0x000000826c700000) (1024K)]
  0x0000020e18037210 JavaThread "Monitor Deflation Thread"   daemon [_thread_blocked, id=1872, stack(0x000000826c700000,0x000000826c800000) (1024K)]
  0x0000020e1803a110 JavaThread "C2 CompilerThread0"         daemon [_thread_in_native, id=2088, stack(0x000000826c800000,0x000000826c900000) (1024K)]
  0x0000020e1803e930 JavaThread "C1 CompilerThread0"         daemon [_thread_in_native, id=2372, stack(0x000000826c900000,0x000000826ca00000) (1024K)]
  0x0000020e184bcce0 JavaThread "Notification Thread"        daemon [_thread_blocked, id=2344, stack(0x000000826ca00000,0x000000826cb00000) (1024K)]
  0x0000020e1e8a5920 JavaThread "Daemon health stats"               [_thread_blocked, id=3456, stack(0x000000826d000000,0x000000826d100000) (1024K)]
  0x0000020e1ee6e950 JavaThread "Incoming local TCP Connector on port 56068"        [_thread_in_native, id=2636, stack(0x000000826d500000,0x000000826d600000) (1024K)]
  0x0000020e1ea9c850 JavaThread "Daemon periodic checks"            [_thread_blocked, id=11824, stack(0x000000826d600000,0x000000826d700000) (1024K)]
  0x0000020e1edbffc0 JavaThread "Cache worker for journal cache (C:\Users\Admin\.gradle\caches\journal-1)"        [_thread_blocked, id=5836, stack(0x000000826e000000,0x000000826e100000) (1024K)]
  0x0000020e1edc0790 JavaThread "File lock request listener"        [_thread_in_native, id=1492, stack(0x000000826e100000,0x000000826e200000) (1024K)]
  0x0000020e1f61bde0 JavaThread "Cache worker for file hash cache (C:\Users\Admin\.gradle\caches\9.6.0\fileHashes)"        [_thread_blocked, id=5316, stack(0x000000826e200000,0x000000826e300000) (1024K)]
  0x0000020e1f618730 JavaThread "File watcher server"        daemon [_thread_in_native, id=9136, stack(0x000000826e500000,0x000000826e600000) (1024K)]
  0x0000020e1f619ea0 JavaThread "File watcher consumer"      daemon [_thread_blocked, id=9536, stack(0x000000826e600000,0x000000826e700000) (1024K)]
  0x0000020e1f61cd80 JavaThread "jar transforms"                    [_thread_blocked, id=3928, stack(0x000000826e700000,0x000000826e800000) (1024K)]
  0x0000020e1f616fc0 JavaThread "jar transforms Thread 2"           [_thread_blocked, id=4292, stack(0x000000826e800000,0x000000826e900000) (1024K)]
  0x0000020e1f6196d0 JavaThread "jar transforms Thread 3"           [_thread_blocked, id=12728, stack(0x000000826e900000,0x000000826ea00000) (1024K)]
  0x0000020e1f61e4f0 JavaThread "jar transforms Thread 4"           [_thread_blocked, id=12772, stack(0x000000826ea00000,0x000000826eb00000) (1024K)]
  0x0000020e18b28130 JavaThread "jar transforms Thread 5"           [_thread_blocked, id=12784, stack(0x000000826eb00000,0x000000826ec00000) (1024K)]
  0x0000020e18b261f0 JavaThread "jar transforms Thread 6"           [_thread_blocked, id=12780, stack(0x000000826ec00000,0x000000826ed00000) (1024K)]
  0x0000020e18b27190 JavaThread "jar transforms Thread 7"           [_thread_blocked, id=12500, stack(0x000000826ed00000,0x000000826ee00000) (1024K)]
  0x0000020e18b242b0 JavaThread "jar transforms Thread 8"           [_thread_blocked, id=9176, stack(0x000000826ee00000,0x000000826ef00000) (1024K)]
  0x0000020e18b24a80 JavaThread "jar transforms Thread 9"           [_thread_blocked, id=11592, stack(0x000000826ef00000,0x000000826f000000) (1024K)]
  0x0000020e18b22370 JavaThread "jar transforms Thread 10"          [_thread_blocked, id=12356, stack(0x000000826f000000,0x000000826f100000) (1024K)]
  0x0000020e18b269c0 JavaThread "jar transforms Thread 11"          [_thread_blocked, id=13448, stack(0x000000826f100000,0x000000826f200000) (1024K)]
  0x0000020e18b27960 JavaThread "jar transforms Thread 12"          [_thread_blocked, id=13452, stack(0x000000826f200000,0x000000826f300000) (1024K)]
  0x0000020e1f345410 JavaThread "Cache worker for file content cache (C:\Users\Admin\.gradle\caches\9.6.0\fileContent)"        [_thread_blocked, id=9488, stack(0x000000826f300000,0x000000826f400000) (1024K)]
  0x0000020e1fed8f20 JavaThread "Memory manager"                    [_thread_blocked, id=7348, stack(0x0000008270300000,0x0000008270400000) (1024K)]
  0x0000020e1fedd570 JavaThread "pool-3-thread-1"                   [_thread_blocked, id=14540, stack(0x0000008270400000,0x0000008270500000) (1024K)]
  0x0000020e20125ad0 JavaThread "pool-5-thread-1"                   [_thread_blocked, id=10632, stack(0x0000008270700000,0x0000008270800000) (1024K)]
  0x0000020e280e1410 JavaThread "Daemon Thread 3"                   [_thread_blocked, id=16128, stack(0x000000826b600000,0x000000826b700000) (1024K)]
  0x0000020e28652e50 JavaThread "Handler for socket connection from /127.0.0.1:56068 to /127.0.0.1:51281"        [_thread_in_native, id=17396, stack(0x000000826b700000,0x000000826b800000) (1024K)]
  0x0000020e28653620 JavaThread "Cancel handler"                    [_thread_blocked, id=5688, stack(0x000000826b800000,0x000000826b900000) (1024K)]
  0x0000020e28653df0 JavaThread "Daemon worker Thread 3"            [_thread_blocked, id=14528, stack(0x000000826d900000,0x000000826da00000) (1024K)]
  0x0000020e21fdb550 JavaThread "Asynchronous log dispatcher for DefaultDaemonConnection: socket connection from /127.0.0.1:56068 to /127.0.0.1:51281"        [_thread_blocked, id=2680, stack(0x000000826da00000,0x000000826db00000) (1024K)]
  0x0000020e21fddc60 JavaThread "Stdin handler"                     [_thread_blocked, id=17224, stack(0x000000826db00000,0x000000826dc00000) (1024K)]
  0x0000020e21fdad80 JavaThread "Daemon client event forwarder"        [_thread_blocked, id=16896, stack(0x000000826dc00000,0x000000826dd00000) (1024K)]
  0x0000020e21fdccc0 JavaThread "Cache worker for file hash cache (C:\Users\Admin\Desktop\appECOLIM\.gradle\9.6.0\fileHashes)"        [_thread_blocked, id=16904, stack(0x000000826dd00000,0x000000826de00000) (1024K)]
  0x0000020e21fdbd20 JavaThread "Cache worker for checksums cache (C:\Users\Admin\Desktop\appECOLIM\.gradle\9.6.0\checksums)"        [_thread_blocked, id=4932, stack(0x000000826de00000,0x000000826df00000) (1024K)]
  0x0000020e21fdc4f0 JavaThread "Cache worker for Build Output Cleanup Cache (C:\Users\Admin\Desktop\appECOLIM\.gradle\buildOutputCleanup)"        [_thread_blocked, id=15076, stack(0x000000826df00000,0x000000826e000000) (1024K)]
  0x0000020e293b8640 JavaThread "Cache worker for cache directory md-supplier (C:\Users\Admin\.gradle\caches\9.6.0\md-supplier)"        [_thread_blocked, id=7288, stack(0x000000826e300000,0x000000826e400000) (1024K)]
  0x0000020e293b6ed0 JavaThread "Cache worker for cache directory md-rule (C:\Users\Admin\.gradle\caches\9.6.0\md-rule)"        [_thread_blocked, id=14328, stack(0x000000826e400000,0x000000826e500000) (1024K)]
  0x0000020e293b7e70 JavaThread "Build operations"                  [_thread_blocked, id=5864, stack(0x000000826f400000,0x000000826f500000) (1024K)]
  0x0000020e293b76a0 JavaThread "Build operations Thread 2"         [_thread_blocked, id=10620, stack(0x000000826f500000,0x000000826f600000) (1024K)]
  0x0000020e27a6e1e0 JavaThread "Build operations Thread 3"         [_thread_blocked, id=10012, stack(0x000000826f600000,0x000000826f700000) (1024K)]
  0x0000020e27a6f950 JavaThread "Build operations Thread 4"         [_thread_in_Java, id=7976, stack(0x000000826f700000,0x000000826f800000) (1024K)]
  0x0000020e27a71890 JavaThread "Build operations Thread 5"         [_thread_blocked, id=10456, stack(0x000000826f800000,0x000000826f900000) (1024K)]
  0x0000020e27a708f0 JavaThread "Build operations Thread 6"         [_thread_in_Java, id=12800, stack(0x000000826f900000,0x000000826fa00000) (1024K)]
  0x0000020e27a6e9b0 JavaThread "Build operations Thread 7"         [_thread_blocked, id=6036, stack(0x000000826fa00000,0x000000826fb00000) (1024K)]
  0x0000020e27a70120 JavaThread "Build operations Thread 8"         [_thread_blocked, id=5696, stack(0x000000826fb00000,0x000000826fc00000) (1024K)]
  0x0000020e27a710c0 JavaThread "Build operations Thread 9"         [_thread_blocked, id=14032, stack(0x000000826fc00000,0x000000826fd00000) (1024K)]
  0x0000020e27a6f180 JavaThread "Build operations Thread 10"        [_thread_blocked, id=14580, stack(0x000000826fd00000,0x000000826fe00000) (1024K)]
  0x0000020e20141bd0 JavaThread "Build operations Thread 11"        [_thread_blocked, id=10972, stack(0x000000826fe00000,0x000000826ff00000) (1024K)]
  0x0000020e286a3180 JavaThread "Build operations Thread 12"        [_thread_blocked, id=4272, stack(0x000000826ff00000,0x0000008270000000) (1024K)]
  0x0000020e2752d080 JavaThread "Configuration cache report writer"        [_thread_blocked, id=14200, stack(0x0000008270000000,0x0000008270100000) (1024K)]
  0x0000020e2752b910 JavaThread "build event listener"              [_thread_blocked, id=4296, stack(0x0000008270100000,0x0000008270200000) (1024K)]
  0x0000020e275299d0 JavaThread "build event listener"              [_thread_blocked, id=7864, stack(0x0000008270200000,0x0000008270300000) (1024K)]
  0x0000020e28b8cc40 JavaThread "pool-8-thread-1"                   [_thread_blocked, id=14844, stack(0x0000008270500000,0x0000008270600000) (1024K)]
  0x0000020e28b8dbe0 JavaThread "build event listener"              [_thread_blocked, id=14396, stack(0x0000008270600000,0x0000008270700000) (1024K)]
  0x0000020e28b8c470 JavaThread "included builds"                   [_thread_blocked, id=16852, stack(0x0000008270800000,0x0000008270900000) (1024K)]
  0x0000020e280c9bb0 JavaThread "Execution worker"                  [_thread_blocked, id=3432, stack(0x0000008270900000,0x0000008270a00000) (1024K)]
  0x0000020e280c93e0 JavaThread "Execution worker Thread 2"         [_thread_blocked, id=13700, stack(0x0000008270a00000,0x0000008270b00000) (1024K)]
  0x0000020e286ead00 JavaThread "Execution worker Thread 3"         [_thread_blocked, id=1168, stack(0x0000008270b00000,0x0000008270c00000) (1024K)]
  0x0000020e286ecc40 JavaThread "Execution worker Thread 4"         [_thread_blocked, id=6792, stack(0x0000008270c00000,0x0000008270d00000) (1024K)]
  0x0000020e286eb4d0 JavaThread "Execution worker Thread 5"         [_thread_in_Java, id=3140, stack(0x0000008270d00000,0x0000008270e00000) (1024K)]
  0x0000020e220dc590 JavaThread "Execution worker Thread 6"         [_thread_blocked, id=6360, stack(0x0000008270e00000,0x0000008270f00000) (1024K)]
  0x0000020e220dae20 JavaThread "Execution worker Thread 7"         [_thread_blocked, id=14848, stack(0x0000008270f00000,0x0000008271000000) (1024K)]
  0x0000020e220dcd60 JavaThread "Execution worker Thread 8"         [_thread_blocked, id=15624, stack(0x0000008271000000,0x0000008271100000) (1024K)]
  0x0000020e220dd530 JavaThread "Execution worker Thread 9"         [_thread_in_native, id=11112, stack(0x0000008271100000,0x0000008271200000) (1024K)]
  0x0000020e220ddd00 JavaThread "Execution worker Thread 10"        [_thread_blocked, id=15552, stack(0x0000008271200000,0x0000008271300000) (1024K)]
  0x0000020e220da650 JavaThread "Execution worker Thread 11"        [_thread_blocked, id=14504, stack(0x0000008271300000,0x0000008271400000) (1024K)]
  0x0000020e27a92d70 JavaThread "Cache worker for execution history cache (C:\Users\Admin\Desktop\appECOLIM\.gradle\9.6.0\executionHistory)"        [_thread_blocked, id=4808, stack(0x0000008271400000,0x0000008271500000) (1024K)]
  0x0000020e292a7610 JavaThread "WorkerExecutor Queue"              [_thread_blocked, id=7428, stack(0x0000008271500000,0x0000008271600000) (1024K)]
  0x0000020e20142b70 JavaThread "WorkerExecutor Queue Thread 3"        [_thread_blocked, id=16688, stack(0x0000008271700000,0x0000008271800000) (1024K)]
  0x0000020e1f7cc130 JavaThread "WorkerExecutor Queue Thread 4"        [_thread_blocked, id=16556, stack(0x0000008271800000,0x0000008271900000) (1024K)]
  0x0000020e21019000 JavaThread "WorkerExecutor Queue Thread 5"        [_thread_blocked, id=15404, stack(0x0000008271900000,0x0000008271a00000) (1024K)]
  0x0000020e283d71a0 JavaThread "WorkerExecutor Queue Thread 6"        [_thread_blocked, id=13676, stack(0x0000008271a00000,0x0000008271b00000) (1024K)]
  0x0000020e27f19ad0 JavaThread "WorkerExecutor Queue Thread 7"        [_thread_blocked, id=17316, stack(0x0000008271b00000,0x0000008271c00000) (1024K)]
  0x0000020e27f16420 JavaThread "WorkerExecutor Queue Thread 8"        [_thread_blocked, id=14628, stack(0x0000008271c00000,0x0000008271d00000) (1024K)]
  0x0000020e1f7ce840 JavaThread "WorkerExecutor Queue Thread 9"        [_thread_blocked, id=15452, stack(0x0000008271e00000,0x0000008271f00000) (1024K)]
  0x0000020e20fe3ec0 JavaThread "WorkerExecutor Queue Thread 10"        [_thread_blocked, id=14012, stack(0x0000008271f00000,0x0000008272000000) (1024K)]
  0x0000020e20fe4690 JavaThread "WorkerExecutor Queue Thread 11"        [_thread_blocked, id=15484, stack(0x0000008272000000,0x0000008272100000) (1024K)]
  0x0000020e20fe17b0 JavaThread "WorkerExecutor Queue Thread 12"        [_thread_blocked, id=7624, stack(0x0000008272100000,0x0000008272200000) (1024K)]
  0x0000020e1f7ce070 JavaThread "WorkerExecutor Queue Thread 13"        [_thread_blocked, id=15604, stack(0x0000008272200000,0x0000008272300000) (1024K)]
  0x0000020e286ebca0 JavaThread "pool-9-thread-1"                   [_thread_blocked, id=16068, stack(0x0000008272300000,0x0000008272400000) (1024K)]
  0x0000020e289993d0 JavaThread "stderr"                            [_thread_in_native, id=15920, stack(0x0000008272400000,0x0000008272500000) (1024K)]
  0x0000020e28999ba0 JavaThread "stdout"                            [_thread_in_native, id=15240, stack(0x0000008272500000,0x0000008272600000) (1024K)]
  0x0000020e28e21750 JavaThread "stderr"                            [_thread_in_native, id=16740, stack(0x0000008273200000,0x0000008273300000) (1024K)]
  0x0000020e28e207b0 JavaThread "stdout"                            [_thread_in_native, id=16596, stack(0x0000008273300000,0x0000008273400000) (1024K)]
  0x0000020e27f18360 JavaThread "WorkerExecutor Queue Thread 14"        [_thread_blocked, id=16048, stack(0x0000008272600000,0x0000008272700000) (1024K)]
=>0x0000020e2700e140 JavaThread "C2 CompilerThread1"         daemon [_thread_in_native, id=8700, stack(0x0000008273400000,0x0000008273500000) (1024K)]
  0x0000020e27f18b30 JavaThread "Cache worker for Java compile cache (C:\Users\Admin\.gradle\caches\9.6.0\javaCompile)"        [_thread_blocked, id=1656, stack(0x0000008271600000,0x0000008271700000) (1024K)]
  0x0000020e295dc660 JavaThread "ForkJoinPool.commonPool-worker-1" daemon [_thread_blocked, id=16704, stack(0x0000008272700000,0x0000008272800000) (1024K)]
  0x0000020e295dce30 JavaThread "ForkJoinPool.commonPool-worker-2" daemon [_thread_blocked, id=7568, stack(0x0000008272800000,0x0000008272900000) (1024K)]
  0x0000020e28e1f810 JavaThread "ForkJoinPool.commonPool-worker-3" daemon [_thread_blocked, id=17164, stack(0x0000008272900000,0x0000008272a00000) (1024K)]
  0x0000020e28e20f80 JavaThread "ForkJoinPool.commonPool-worker-4" daemon [_thread_blocked, id=14424, stack(0x0000008272a00000,0x0000008272b00000) (1024K)]
  0x0000020e20143340 JavaThread "ForkJoinPool.commonPool-worker-5" daemon [_thread_blocked, id=6596, stack(0x0000008272b00000,0x0000008272c00000) (1024K)]
  0x0000020e20144ab0 JavaThread "ForkJoinPool.commonPool-worker-6" daemon [_thread_blocked, id=10832, stack(0x0000008272c00000,0x0000008272d00000) (1024K)]
  0x0000020e20143b10 JavaThread "ForkJoinPool.commonPool-worker-7" daemon [_thread_blocked, id=3292, stack(0x0000008272d00000,0x0000008272e00000) (1024K)]
  0x0000020e320c1270 JavaThread "ForkJoinPool.commonPool-worker-8" daemon [_thread_blocked, id=14900, stack(0x0000008272e00000,0x0000008272f00000) (1024K)]
  0x0000020e28a578b0 JavaThread "ForkJoinPool.commonPool-worker-9" daemon [_thread_blocked, id=14076, stack(0x0000008272f00000,0x0000008273000000) (1024K)]
  0x0000020e320bf330 JavaThread "ForkJoinPool.commonPool-worker-10" daemon [_thread_blocked, id=1236, stack(0x0000008273000000,0x0000008273100000) (1024K)]
  0x0000020e320c1a40 JavaThread "ForkJoinPool.commonPool-worker-11" daemon [_thread_blocked, id=15368, stack(0x0000008273100000,0x0000008273200000) (1024K)]
Total: 108

Other Threads:
  0x0000020e17ff9360 VMThread "VM Thread"                           [id=2652, stack(0x000000826c000000,0x000000826c100000) (1024K)]
  0x0000020e17fc1790 WatcherThread "VM Periodic Task Thread"        [id=2620, stack(0x000000826bf00000,0x000000826c000000) (1024K)]
  0x0000020e7df3f220 WorkerThread "GC Thread#0"                     [id=2444, stack(0x000000826ba00000,0x000000826bb00000) (1024K)]
  0x0000020e1d7a4c30 WorkerThread "GC Thread#1"                     [id=2332, stack(0x000000826cb00000,0x000000826cc00000) (1024K)]
  0x0000020e1d7c5090 WorkerThread "GC Thread#2"                     [id=4752, stack(0x000000826cc00000,0x000000826cd00000) (1024K)]
  0x0000020e1d7d96a0 WorkerThread "GC Thread#3"                     [id=11864, stack(0x000000826cd00000,0x000000826ce00000) (1024K)]
  0x0000020e1d7d9ad0 WorkerThread "GC Thread#4"                     [id=2312, stack(0x000000826ce00000,0x000000826cf00000) (1024K)]
  0x0000020e1d7d9f00 WorkerThread "GC Thread#5"                     [id=3240, stack(0x000000826cf00000,0x000000826d000000) (1024K)]
  0x0000020e1876e830 WorkerThread "GC Thread#6"                     [id=13680, stack(0x000000826d100000,0x000000826d200000) (1024K)]
  0x0000020e1876f0d0 WorkerThread "GC Thread#7"                     [id=8752, stack(0x000000826d200000,0x000000826d300000) (1024K)]
  0x0000020e1876ec80 WorkerThread "GC Thread#8"                     [id=4764, stack(0x000000826d300000,0x000000826d400000) (1024K)]
  0x0000020e1876f520 WorkerThread "GC Thread#9"                     [id=2632, stack(0x000000826d400000,0x000000826d500000) (1024K)]
  0x0000020e7df58460 ConcurrentGCThread "G1 Main Marker"            [id=11720, stack(0x000000826bb00000,0x000000826bc00000) (1024K)]
  0x0000020e7df59000 WorkerThread "G1 Conc#0"                       [id=1972, stack(0x000000826bc00000,0x000000826bd00000) (1024K)]
  0x0000020e1e9ff650 WorkerThread "G1 Conc#1"                       [id=2456, stack(0x000000826d700000,0x000000826d800000) (1024K)]
  0x0000020e1e9fc6e0 WorkerThread "G1 Conc#2"                       [id=2368, stack(0x000000826d800000,0x000000826d900000) (1024K)]
  0x0000020e7df9e3b0 ConcurrentGCThread "G1 Refine#0"               [id=2640, stack(0x000000826bd00000,0x000000826be00000) (1024K)]
  0x0000020e17e95d60 ConcurrentGCThread "G1 Service"                [id=2116, stack(0x000000826be00000,0x000000826bf00000) (1024K)]
Total: 18

Threads with active compile tasks:
C2 CompilerThread0  482938 29273 %     4       com.android.tools.r8.internal.sx1::l @ 840 (1188 bytes)
C2 CompilerThread1  482938 29231 %     4       com.android.tools.r8.internal.sx1::d @ 439 (2125 bytes)
Total: 2

VM state: not at safepoint (normal execution)

VM Mutex/Monitor currently owned by a thread: None

Heap address: 0x0000000080000000, size: 2048 MB, Compressed Oops mode: 32-bit

CDS archive(s) not mapped
Compressed class space mapped at: 0x0000000033000000-0x0000000073000000, reserved size: 1073741824
UseCompressedClassPointers 1, UseCompactObjectHeaders 0
Narrow klass pointer bits 32, Max shift 3
Narrow klass base: 0x0000000000000000, Narrow klass shift: 0
Encoding Range: [0x0000000000000000 - 0x0000000100000000), (4294967296 bytes)
Klass Range:    [0x0000000033000000 - 0x0000000073000000), (1073741824 bytes)
Klass ID Range:  [855638016 - 1929379833) (1073741817)
No protection zone.

GC Precious Log:
 CardTable entry size: 512
 Card Set container configuration: InlinePtr #cards 5 size 8 Array Of Cards #cards 10 size 36 Howl #buckets 4 coarsen threshold 1843 Howl Bitmap #cards 512 size 80 coarsen threshold 460 Card regions per heap region 1 cards per card region 2048
 CPUs: 12 total, 12 available
 Memory: 7816M
 Large Page Support: Disabled
 NUMA Support: Disabled
 Compressed Oops: Enabled (32-bit)
 Heap Region Size: 1M
 Heap Min Capacity: 8M
 Heap Initial Capacity: 124M
 Heap Max Capacity: 2G
 Pre-touch: Disabled
 Parallel Workers: 10
 Concurrent Workers: 3
 Concurrent Refinement Workers: 10
 Periodic GC: Disabled

Heap:
 garbage-first heap   total reserved 2097152K, committed 561152K, used 558708K [0x0000000080000000, 0x0000000100000000)
  region size 1024K, 218 young (223232K), 7 survivors (7168K)

Heap Regions: E=young(eden), S=young(survivor), O=old, HS=humongous(starts), HC=humongous(continues), CS=collection set, F=free, TAMS=top-at-mark-start, PB=parsable bottom
|   0|0x0000000080000000, 0x0000000080100000, 0x0000000080100000|100%|HS|  |TAMS 0x0000000080000000| PB 0x0000000080000000| Complete |  0
|   1|0x0000000080100000, 0x0000000080200000, 0x0000000080200000|100%|HC|  |TAMS 0x0000000080100000| PB 0x0000000080100000| Complete |  0
|   2|0x0000000080200000, 0x0000000080300000, 0x0000000080300000|100%|HC|  |TAMS 0x0000000080200000| PB 0x0000000080200000| Complete |  0
|   3|0x0000000080300000, 0x0000000080400000, 0x0000000080400000|100%|HC|  |TAMS 0x0000000080300000| PB 0x0000000080300000| Complete |  0
|   4|0x0000000080400000, 0x0000000080500000, 0x0000000080500000|100%|HS|  |TAMS 0x0000000080400000| PB 0x0000000080400000| Complete |  0
|   5|0x0000000080500000, 0x0000000080600000, 0x0000000080600000|100%| O|  |TAMS 0x0000000080500000| PB 0x0000000080500000| Untracked |  0
|   6|0x0000000080600000, 0x0000000080700000, 0x0000000080700000|100%| O|  |TAMS 0x0000000080600000| PB 0x0000000080600000| Untracked |  0
|   7|0x0000000080700000, 0x0000000080800000, 0x0000000080800000|100%|HS|  |TAMS 0x0000000080700000| PB 0x0000000080700000| Complete |  0
|   8|0x0000000080800000, 0x0000000080900000, 0x0000000080900000|100%| O|  |TAMS 0x0000000080800000| PB 0x0000000080800000| Untracked |  0
|   9|0x0000000080900000, 0x0000000080a00000, 0x0000000080a00000|100%| O|  |TAMS 0x0000000080900000| PB 0x0000000080900000| Untracked |  0
|  10|0x0000000080a00000, 0x0000000080b00000, 0x0000000080b00000|100%| O|  |TAMS 0x0000000080a00000| PB 0x0000000080a00000| Untracked |  0
|  11|0x0000000080b00000, 0x0000000080c00000, 0x0000000080c00000|100%| O|  |TAMS 0x0000000080b00000| PB 0x0000000080b00000| Untracked |  0
|  12|0x0000000080c00000, 0x0000000080d00000, 0x0000000080d00000|100%| O|  |TAMS 0x0000000080c00000| PB 0x0000000080c00000| Untracked |  0
|  13|0x0000000080d00000, 0x0000000080e00000, 0x0000000080e00000|100%| O|  |TAMS 0x0000000080d00000| PB 0x0000000080d00000| Untracked |  0
|  14|0x0000000080e00000, 0x0000000080f00000, 0x0000000080f00000|100%| O|  |TAMS 0x0000000080e00000| PB 0x0000000080e00000| Untracked |  0
|  15|0x0000000080f00000, 0x0000000081000000, 0x0000000081000000|100%| O|  |TAMS 0x0000000080f00000| PB 0x0000000080f00000| Untracked |  0
|  16|0x0000000081000000, 0x0000000081100000, 0x0000000081100000|100%| O|  |TAMS 0x0000000081000000| PB 0x0000000081000000| Untracked |  0
|  17|0x0000000081100000, 0x0000000081200000, 0x0000000081200000|100%| O|  |TAMS 0x0000000081100000| PB 0x0000000081100000| Untracked |  0
|  18|0x0000000081200000, 0x0000000081300000, 0x0000000081300000|100%| O|  |TAMS 0x0000000081200000| PB 0x0000000081200000| Untracked |  0
|  19|0x0000000081300000, 0x0000000081400000, 0x0000000081400000|100%| O|  |TAMS 0x0000000081300000| PB 0x0000000081300000| Untracked |  0
|  20|0x0000000081400000, 0x0000000081500000, 0x0000000081500000|100%| O|  |TAMS 0x0000000081400000| PB 0x0000000081400000| Untracked |  0
|  21|0x0000000081500000, 0x0000000081600000, 0x0000000081600000|100%| O|  |TAMS 0x0000000081500000| PB 0x0000000081500000| Untracked |  0
|  22|0x0000000081600000, 0x0000000081700000, 0x0000000081700000|100%| O|  |TAMS 0x0000000081600000| PB 0x0000000081600000| Untracked |  0
|  23|0x0000000081700000, 0x0000000081800000, 0x0000000081800000|100%| O|  |TAMS 0x0000000081700000| PB 0x0000000081700000| Untracked |  0
|  24|0x0000000081800000, 0x0000000081900000, 0x0000000081900000|100%|HS|  |TAMS 0x0000000081800000| PB 0x0000000081800000| Complete |  0
|  25|0x0000000081900000, 0x0000000081a00000, 0x0000000081a00000|100%|HC|  |TAMS 0x0000000081900000| PB 0x0000000081900000| Complete |  0
|  26|0x0000000081a00000, 0x0000000081b00000, 0x0000000081b00000|100%|HC|  |TAMS 0x0000000081a00000| PB 0x0000000081a00000| Complete |  0
|  27|0x0000000081b00000, 0x0000000081c00000, 0x0000000081c00000|100%|HC|  |TAMS 0x0000000081b00000| PB 0x0000000081b00000| Complete |  0
|  28|0x0000000081c00000, 0x0000000081d00000, 0x0000000081d00000|100%|HC|  |TAMS 0x0000000081c00000| PB 0x0000000081c00000| Complete |  0
|  29|0x0000000081d00000, 0x0000000081e00000, 0x0000000081e00000|100%|HC|  |TAMS 0x0000000081d00000| PB 0x0000000081d00000| Complete |  0
|  30|0x0000000081e00000, 0x0000000081f00000, 0x0000000081f00000|100%|HS|  |TAMS 0x0000000081e00000| PB 0x0000000081e00000| Complete |  0
|  31|0x0000000081f00000, 0x0000000082000000, 0x0000000082000000|100%|HS|  |TAMS 0x0000000081f00000| PB 0x0000000081f00000| Complete |  0
|  32|0x0000000082000000, 0x0000000082100000, 0x0000000082100000|100%| O|  |TAMS 0x0000000082000000| PB 0x0000000082000000| Untracked |  0
|  33|0x0000000082100000, 0x0000000082200000, 0x0000000082200000|100%| O|  |TAMS 0x0000000082100000| PB 0x0000000082100000| Untracked |  0
|  34|0x0000000082200000, 0x0000000082300000, 0x0000000082300000|100%| O|  |TAMS 0x0000000082200000| PB 0x0000000082200000| Untracked |  0
|  35|0x0000000082300000, 0x0000000082400000, 0x0000000082400000|100%| O|  |TAMS 0x0000000082300000| PB 0x0000000082300000| Untracked |  0
|  36|0x0000000082400000, 0x0000000082500000, 0x0000000082500000|100%| O|  |TAMS 0x0000000082400000| PB 0x0000000082400000| Untracked |  0
|  37|0x0000000082500000, 0x0000000082600000, 0x0000000082600000|100%| O|  |TAMS 0x0000000082500000| PB 0x0000000082500000| Untracked |  0
|  38|0x0000000082600000, 0x0000000082700000, 0x0000000082700000|100%|HS|  |TAMS 0x0000000082600000| PB 0x0000000082600000| Complete |  0
|  39|0x0000000082700000, 0x0000000082800000, 0x0000000082800000|100%|HC|  |TAMS 0x0000000082700000| PB 0x0000000082700000| Complete |  0
|  40|0x0000000082800000, 0x0000000082900000, 0x0000000082900000|100%|HC|  |TAMS 0x0000000082800000| PB 0x0000000082800000| Complete |  0
|  41|0x0000000082900000, 0x0000000082a00000, 0x0000000082a00000|100%|HC|  |TAMS 0x0000000082900000| PB 0x0000000082900000| Complete |  0
|  42|0x0000000082a00000, 0x0000000082b00000, 0x0000000082b00000|100%|HC|  |TAMS 0x0000000082a00000| PB 0x0000000082a00000| Complete |  0
|  43|0x0000000082b00000, 0x0000000082c00000, 0x0000000082c00000|100%|HC|  |TAMS 0x0000000082b00000| PB 0x0000000082b00000| Complete |  0
|  44|0x0000000082c00000, 0x0000000082d00000, 0x0000000082d00000|100%|HS|  |TAMS 0x0000000082c00000| PB 0x0000000082c00000| Complete |  0
|  45|0x0000000082d00000, 0x0000000082e00000, 0x0000000082e00000|100%|HS|  |TAMS 0x0000000082d00000| PB 0x0000000082d00000| Complete |  0
|  46|0x0000000082e00000, 0x0000000082f00000, 0x0000000082f00000|100%| O|  |TAMS 0x0000000082e00000| PB 0x0000000082e00000| Untracked |  0
|  47|0x0000000082f00000, 0x0000000083000000, 0x0000000083000000|100%| O|  |TAMS 0x0000000082f00000| PB 0x0000000082f00000| Untracked |  0
|  48|0x0000000083000000, 0x0000000083100000, 0x0000000083100000|100%|HS|  |TAMS 0x0000000083000000| PB 0x0000000083000000| Complete |  0
|  49|0x0000000083100000, 0x0000000083200000, 0x0000000083200000|100%| O|  |TAMS 0x0000000083100000| PB 0x0000000083100000| Untracked |  0
|  50|0x0000000083200000, 0x0000000083300000, 0x0000000083300000|100%| O|  |TAMS 0x0000000083200000| PB 0x0000000083200000| Untracked |  0
|  51|0x0000000083300000, 0x0000000083400000, 0x0000000083400000|100%| O|  |TAMS 0x0000000083300000| PB 0x0000000083300000| Untracked |  0
|  52|0x0000000083400000, 0x0000000083500000, 0x0000000083500000|100%| O|  |TAMS 0x0000000083400000| PB 0x0000000083400000| Untracked |  0
|  53|0x0000000083500000, 0x0000000083600000, 0x0000000083600000|100%| O|  |TAMS 0x0000000083500000| PB 0x0000000083500000| Untracked |  0
|  54|0x0000000083600000, 0x0000000083700000, 0x0000000083700000|100%| O|  |TAMS 0x0000000083600000| PB 0x0000000083600000| Untracked |  0
|  55|0x0000000083700000, 0x0000000083800000, 0x0000000083800000|100%| O|  |TAMS 0x0000000083700000| PB 0x0000000083700000| Untracked |  0
|  56|0x0000000083800000, 0x0000000083900000, 0x0000000083900000|100%| O|  |TAMS 0x0000000083800000| PB 0x0000000083800000| Untracked |  0
|  57|0x0000000083900000, 0x0000000083a00000, 0x0000000083a00000|100%|HS|  |TAMS 0x0000000083900000| PB 0x0000000083900000| Complete |  0
|  58|0x0000000083a00000, 0x0000000083b00000, 0x0000000083b00000|100%| O|  |TAMS 0x0000000083a00000| PB 0x0000000083a00000| Untracked |  0
|  59|0x0000000083b00000, 0x0000000083c00000, 0x0000000083c00000|100%| O|  |TAMS 0x0000000083b00000| PB 0x0000000083b00000| Untracked |  0
|  60|0x0000000083c00000, 0x0000000083d00000, 0x0000000083d00000|100%|HS|  |TAMS 0x0000000083c00000| PB 0x0000000083c00000| Complete |  0
|  61|0x0000000083d00000, 0x0000000083e00000, 0x0000000083e00000|100%| O|  |TAMS 0x0000000083d00000| PB 0x0000000083d00000| Untracked |  0
|  62|0x0000000083e00000, 0x0000000083f00000, 0x0000000083f00000|100%| O|  |TAMS 0x0000000083e00000| PB 0x0000000083e00000| Untracked |  0
|  63|0x0000000083f00000, 0x0000000084000000, 0x0000000084000000|100%| O|  |TAMS 0x0000000083f00000| PB 0x0000000083f00000| Untracked |  0
|  64|0x0000000084000000, 0x0000000084100000, 0x0000000084100000|100%| O|  |TAMS 0x0000000084000000| PB 0x0000000084000000| Untracked |  0
|  65|0x0000000084100000, 0x0000000084200000, 0x0000000084200000|100%| O|  |TAMS 0x0000000084100000| PB 0x0000000084100000| Untracked |  0
|  66|0x0000000084200000, 0x0000000084300000, 0x0000000084300000|100%|HS|  |TAMS 0x0000000084200000| PB 0x0000000084200000| Complete |  0
|  67|0x0000000084300000, 0x0000000084400000, 0x0000000084400000|100%|HS|  |TAMS 0x0000000084300000| PB 0x0000000084300000| Complete |  0
|  68|0x0000000084400000, 0x0000000084500000, 0x0000000084500000|100%|HC|  |TAMS 0x0000000084400000| PB 0x0000000084400000| Complete |  0
|  69|0x0000000084500000, 0x0000000084600000, 0x0000000084600000|100%|HS|  |TAMS 0x0000000084500000| PB 0x0000000084500000| Complete |  0
|  70|0x0000000084600000, 0x0000000084700000, 0x0000000084700000|100%|HS|  |TAMS 0x0000000084600000| PB 0x0000000084600000| Complete |  0
|  71|0x0000000084700000, 0x0000000084800000, 0x0000000084800000|100%|HS|  |TAMS 0x0000000084700000| PB 0x0000000084700000| Complete |  0
|  72|0x0000000084800000, 0x0000000084900000, 0x0000000084900000|100%| O|  |TAMS 0x0000000084800000| PB 0x0000000084800000| Untracked |  0
|  73|0x0000000084900000, 0x0000000084a00000, 0x0000000084a00000|100%|HS|  |TAMS 0x0000000084900000| PB 0x0000000084900000| Complete |  0
|  74|0x0000000084a00000, 0x0000000084b00000, 0x0000000084b00000|100%|HS|  |TAMS 0x0000000084a00000| PB 0x0000000084a00000| Complete |  0
|  75|0x0000000084b00000, 0x0000000084c00000, 0x0000000084c00000|100%| O|  |TAMS 0x0000000084b00000| PB 0x0000000084b00000| Untracked |  0
|  76|0x0000000084c00000, 0x0000000084d00000, 0x0000000084d00000|100%| O|  |TAMS 0x0000000084c00000| PB 0x0000000084c00000| Untracked |  0
|  77|0x0000000084d00000, 0x0000000084e00000, 0x0000000084e00000|100%| O|  |TAMS 0x0000000084d00000| PB 0x0000000084d00000| Untracked |  0
|  78|0x0000000084e00000, 0x0000000084f00000, 0x0000000084f00000|100%|HS|  |TAMS 0x0000000084e00000| PB 0x0000000084e00000| Complete |  0
|  79|0x0000000084f00000, 0x0000000085000000, 0x0000000085000000|100%|HC|  |TAMS 0x0000000084f00000| PB 0x0000000084f00000| Complete |  0
|  80|0x0000000085000000, 0x0000000085100000, 0x0000000085100000|100%| O|  |TAMS 0x0000000085000000| PB 0x0000000085000000| Untracked |  0
|  81|0x0000000085100000, 0x0000000085200000, 0x0000000085200000|100%| O|  |TAMS 0x0000000085100000| PB 0x0000000085100000| Untracked |  0
|  82|0x0000000085200000, 0x0000000085300000, 0x0000000085300000|100%| O|  |TAMS 0x0000000085200000| PB 0x0000000085200000| Untracked |  0
|  83|0x0000000085300000, 0x0000000085400000, 0x0000000085400000|100%| O|  |TAMS 0x0000000085300000| PB 0x0000000085300000| Untracked |  0
|  84|0x0000000085400000, 0x0000000085500000, 0x0000000085500000|100%| O|  |TAMS 0x0000000085400000| PB 0x0000000085400000| Untracked |  0
|  85|0x0000000085500000, 0x0000000085600000, 0x0000000085600000|100%| O|  |TAMS 0x0000000085500000| PB 0x0000000085500000| Untracked |  0
|  86|0x0000000085600000, 0x0000000085700000, 0x0000000085700000|100%| O|  |TAMS 0x0000000085600000| PB 0x0000000085600000| Untracked |  0
|  87|0x0000000085700000, 0x0000000085800000, 0x0000000085800000|100%| O|  |TAMS 0x0000000085700000| PB 0x0000000085700000| Untracked |  0
|  88|0x0000000085800000, 0x0000000085900000, 0x0000000085900000|100%| O|  |TAMS 0x0000000085800000| PB 0x0000000085800000| Untracked |  0
|  89|0x0000000085900000, 0x0000000085a00000, 0x0000000085a00000|100%| O|  |TAMS 0x0000000085900000| PB 0x0000000085900000| Untracked |  0
|  90|0x0000000085a00000, 0x0000000085b00000, 0x0000000085b00000|100%| O|  |TAMS 0x0000000085a00000| PB 0x0000000085a00000| Untracked |  0
|  91|0x0000000085b00000, 0x0000000085c00000, 0x0000000085c00000|100%| O|  |TAMS 0x0000000085b00000| PB 0x0000000085b00000| Untracked |  0
|  92|0x0000000085c00000, 0x0000000085d00000, 0x0000000085d00000|100%| O|  |TAMS 0x0000000085c00000| PB 0x0000000085c00000| Untracked |  0
|  93|0x0000000085d00000, 0x0000000085e00000, 0x0000000085e00000|100%| O|  |TAMS 0x0000000085d00000| PB 0x0000000085d00000| Untracked |  0
|  94|0x0000000085e00000, 0x0000000085f00000, 0x0000000085f00000|100%| O|  |TAMS 0x0000000085e00000| PB 0x0000000085e00000| Untracked |  0
|  95|0x0000000085f00000, 0x0000000086000000, 0x0000000086000000|100%| O|  |TAMS 0x0000000085f00000| PB 0x0000000085f00000| Untracked |  0
|  96|0x0000000086000000, 0x0000000086100000, 0x0000000086100000|100%| O|  |TAMS 0x0000000086000000| PB 0x0000000086000000| Untracked |  0
|  97|0x0000000086100000, 0x0000000086200000, 0x0000000086200000|100%| O|  |TAMS 0x0000000086100000| PB 0x0000000086100000| Untracked |  0
|  98|0x0000000086200000, 0x0000000086300000, 0x0000000086300000|100%| O|  |TAMS 0x0000000086200000| PB 0x0000000086200000| Untracked |  0
|  99|0x0000000086300000, 0x0000000086400000, 0x0000000086400000|100%| O|  |TAMS 0x0000000086300000| PB 0x0000000086300000| Untracked |  0
| 100|0x0000000086400000, 0x0000000086500000, 0x0000000086500000|100%| O|  |TAMS 0x0000000086400000| PB 0x0000000086400000| Untracked |  0
| 101|0x0000000086500000, 0x0000000086600000, 0x0000000086600000|100%| O|  |TAMS 0x0000000086500000| PB 0x0000000086500000| Untracked |  0
| 102|0x0000000086600000, 0x0000000086700000, 0x0000000086700000|100%| O|  |TAMS 0x0000000086600000| PB 0x0000000086600000| Untracked |  0
| 103|0x0000000086700000, 0x0000000086800000, 0x0000000086800000|100%| O|  |TAMS 0x0000000086700000| PB 0x0000000086700000| Untracked |  0
| 104|0x0000000086800000, 0x0000000086900000, 0x0000000086900000|100%| O|  |TAMS 0x0000000086800000| PB 0x0000000086800000| Untracked |  0
| 105|0x0000000086900000, 0x0000000086a00000, 0x0000000086a00000|100%| O|  |TAMS 0x0000000086900000| PB 0x0000000086900000| Untracked |  0
| 106|0x0000000086a00000, 0x0000000086b00000, 0x0000000086b00000|100%| O|  |TAMS 0x0000000086a00000| PB 0x0000000086a00000| Untracked |  0
| 107|0x0000000086b00000, 0x0000000086c00000, 0x0000000086c00000|100%| O|  |TAMS 0x0000000086b00000| PB 0x0000000086b00000| Untracked |  0
| 108|0x0000000086c00000, 0x0000000086d00000, 0x0000000086d00000|100%| O|  |TAMS 0x0000000086c00000| PB 0x0000000086c00000| Untracked |  0
| 109|0x0000000086d00000, 0x0000000086e00000, 0x0000000086e00000|100%| O|  |TAMS 0x0000000086d00000| PB 0x0000000086d00000| Untracked |  0
| 110|0x0000000086e00000, 0x0000000086f00000, 0x0000000086f00000|100%| O|  |TAMS 0x0000000086e00000| PB 0x0000000086e00000| Untracked |  0
| 111|0x0000000086f00000, 0x0000000087000000, 0x0000000087000000|100%| O|  |TAMS 0x0000000086f00000| PB 0x0000000086f00000| Untracked |  0
| 112|0x0000000087000000, 0x0000000087100000, 0x0000000087100000|100%| O|  |TAMS 0x0000000087000000| PB 0x0000000087000000| Untracked |  0
| 113|0x0000000087100000, 0x0000000087200000, 0x0000000087200000|100%| O|  |TAMS 0x0000000087100000| PB 0x0000000087100000| Untracked |  0
| 114|0x0000000087200000, 0x0000000087300000, 0x0000000087300000|100%| O|  |TAMS 0x0000000087200000| PB 0x0000000087200000| Untracked |  0
| 115|0x0000000087300000, 0x0000000087400000, 0x0000000087400000|100%| O|  |TAMS 0x0000000087300000| PB 0x0000000087300000| Untracked |  0
| 116|0x0000000087400000, 0x0000000087500000, 0x0000000087500000|100%| O|  |TAMS 0x0000000087400000| PB 0x0000000087400000| Untracked |  0
| 117|0x0000000087500000, 0x0000000087600000, 0x0000000087600000|100%| O|  |TAMS 0x0000000087500000| PB 0x0000000087500000| Untracked |  0
| 118|0x0000000087600000, 0x0000000087700000, 0x0000000087700000|100%| O|  |TAMS 0x0000000087600000| PB 0x0000000087600000| Untracked |  0
| 119|0x0000000087700000, 0x0000000087800000, 0x0000000087800000|100%| O|  |TAMS 0x0000000087700000| PB 0x0000000087700000| Untracked |  0
| 120|0x0000000087800000, 0x0000000087900000, 0x0000000087900000|100%| O|  |TAMS 0x0000000087800000| PB 0x0000000087800000| Untracked |  0
| 121|0x0000000087900000, 0x0000000087a00000, 0x0000000087a00000|100%| O|  |TAMS 0x0000000087900000| PB 0x0000000087900000| Untracked |  0
| 122|0x0000000087a00000, 0x0000000087b00000, 0x0000000087b00000|100%| O|  |TAMS 0x0000000087a00000| PB 0x0000000087a00000| Untracked |  0
| 123|0x0000000087b00000, 0x0000000087c00000, 0x0000000087c00000|100%| O|  |TAMS 0x0000000087b00000| PB 0x0000000087b00000| Untracked |  0
| 124|0x0000000087c00000, 0x0000000087d00000, 0x0000000087d00000|100%| O|  |TAMS 0x0000000087c00000| PB 0x0000000087c00000| Untracked |  0
| 125|0x0000000087d00000, 0x0000000087e00000, 0x0000000087e00000|100%| O|  |TAMS 0x0000000087d00000| PB 0x0000000087d00000| Untracked |  0
| 126|0x0000000087e00000, 0x0000000087f00000, 0x0000000087f00000|100%| O|  |TAMS 0x0000000087e00000| PB 0x0000000087e00000| Untracked |  0
| 127|0x0000000087f00000, 0x0000000088000000, 0x0000000088000000|100%| O|Cm|TAMS 0x0000000087f00000| PB 0x0000000087f00000| Complete |  0
| 128|0x0000000088000000, 0x0000000088100000, 0x0000000088100000|100%| O|  |TAMS 0x0000000088000000| PB 0x0000000088000000| Untracked |  0
| 129|0x0000000088100000, 0x0000000088200000, 0x0000000088200000|100%| O|  |TAMS 0x0000000088100000| PB 0x0000000088100000| Untracked |  0
| 130|0x0000000088200000, 0x0000000088300000, 0x0000000088300000|100%| O|  |TAMS 0x0000000088200000| PB 0x0000000088200000| Untracked |  0
| 131|0x0000000088300000, 0x0000000088400000, 0x0000000088400000|100%| O|  |TAMS 0x0000000088300000| PB 0x0000000088300000| Untracked |  0
| 132|0x0000000088400000, 0x0000000088500000, 0x0000000088500000|100%| O|  |TAMS 0x0000000088400000| PB 0x0000000088400000| Untracked |  0
| 133|0x0000000088500000, 0x0000000088600000, 0x0000000088600000|100%| O|  |TAMS 0x0000000088500000| PB 0x0000000088500000| Untracked |  0
| 134|0x0000000088600000, 0x0000000088700000, 0x0000000088700000|100%| O|  |TAMS 0x0000000088600000| PB 0x0000000088600000| Untracked |  0
| 135|0x0000000088700000, 0x0000000088800000, 0x0000000088800000|100%| O|  |TAMS 0x0000000088700000| PB 0x0000000088700000| Untracked |  0
| 136|0x0000000088800000, 0x0000000088900000, 0x0000000088900000|100%| O|  |TAMS 0x0000000088800000| PB 0x0000000088800000| Untracked |  0
| 137|0x0000000088900000, 0x0000000088a00000, 0x0000000088a00000|100%| O|  |TAMS 0x0000000088900000| PB 0x0000000088900000| Untracked |  0
| 138|0x0000000088a00000, 0x0000000088b00000, 0x0000000088b00000|100%| O|  |TAMS 0x0000000088a00000| PB 0x0000000088a00000| Untracked |  0
| 139|0x0000000088b00000, 0x0000000088c00000, 0x0000000088c00000|100%| O|  |TAMS 0x0000000088b00000| PB 0x0000000088b00000| Untracked |  0
| 140|0x0000000088c00000, 0x0000000088d00000, 0x0000000088d00000|100%| O|  |TAMS 0x0000000088c00000| PB 0x0000000088c00000| Untracked |  0
| 141|0x0000000088d00000, 0x0000000088e00000, 0x0000000088e00000|100%| O|  |TAMS 0x0000000088d00000| PB 0x0000000088d00000| Untracked |  0
| 142|0x0000000088e00000, 0x0000000088f00000, 0x0000000088f00000|100%| O|  |TAMS 0x0000000088e00000| PB 0x0000000088e00000| Untracked |  0
| 143|0x0000000088f00000, 0x0000000089000000, 0x0000000089000000|100%| O|  |TAMS 0x0000000088f00000| PB 0x0000000088f00000| Untracked |  0
| 144|0x0000000089000000, 0x0000000089100000, 0x0000000089100000|100%| O|  |TAMS 0x0000000089000000| PB 0x0000000089000000| Untracked |  0
| 145|0x0000000089100000, 0x0000000089200000, 0x0000000089200000|100%| O|  |TAMS 0x0000000089100000| PB 0x0000000089100000| Untracked |  0
| 146|0x0000000089200000, 0x0000000089300000, 0x0000000089300000|100%| O|  |TAMS 0x0000000089200000| PB 0x0000000089200000| Untracked |  0
| 147|0x0000000089300000, 0x0000000089400000, 0x0000000089400000|100%| O|Cm|TAMS 0x0000000089300000| PB 0x0000000089300000| Complete |  0
| 148|0x0000000089400000, 0x0000000089500000, 0x0000000089500000|100%| O|  |TAMS 0x0000000089400000| PB 0x0000000089400000| Untracked |  0
| 149|0x0000000089500000, 0x0000000089600000, 0x0000000089600000|100%| O|  |TAMS 0x0000000089500000| PB 0x0000000089500000| Untracked |  0
| 150|0x0000000089600000, 0x0000000089700000, 0x0000000089700000|100%| O|  |TAMS 0x0000000089600000| PB 0x0000000089600000| Untracked |  0
| 151|0x0000000089700000, 0x0000000089800000, 0x0000000089800000|100%| O|  |TAMS 0x0000000089700000| PB 0x0000000089700000| Untracked |  0
| 152|0x0000000089800000, 0x0000000089900000, 0x0000000089900000|100%| O|  |TAMS 0x0000000089800000| PB 0x0000000089800000| Untracked |  0
| 153|0x0000000089900000, 0x0000000089a00000, 0x0000000089a00000|100%| O|Cm|TAMS 0x0000000089900000| PB 0x0000000089900000| Complete |  0
| 154|0x0000000089a00000, 0x0000000089b00000, 0x0000000089b00000|100%| O|  |TAMS 0x0000000089a00000| PB 0x0000000089a00000| Untracked |  0
| 155|0x0000000089b00000, 0x0000000089c00000, 0x0000000089c00000|100%| O|  |TAMS 0x0000000089b00000| PB 0x0000000089b00000| Untracked |  0
| 156|0x0000000089c00000, 0x0000000089d00000, 0x0000000089d00000|100%| O|  |TAMS 0x0000000089c00000| PB 0x0000000089c00000| Untracked |  0
| 157|0x0000000089d00000, 0x0000000089e00000, 0x0000000089e00000|100%| O|  |TAMS 0x0000000089d00000| PB 0x0000000089d00000| Untracked |  0
| 158|0x0000000089e00000, 0x0000000089f00000, 0x0000000089f00000|100%| O|  |TAMS 0x0000000089e00000| PB 0x0000000089e00000| Untracked |  0
| 159|0x0000000089f00000, 0x000000008a000000, 0x000000008a000000|100%| O|  |TAMS 0x0000000089f00000| PB 0x0000000089f00000| Untracked |  0
| 160|0x000000008a000000, 0x000000008a100000, 0x000000008a100000|100%| O|  |TAMS 0x000000008a000000| PB 0x000000008a000000| Untracked |  0
| 161|0x000000008a100000, 0x000000008a200000, 0x000000008a200000|100%| O|  |TAMS 0x000000008a100000| PB 0x000000008a100000| Untracked |  0
| 162|0x000000008a200000, 0x000000008a300000, 0x000000008a300000|100%| O|  |TAMS 0x000000008a200000| PB 0x000000008a200000| Untracked |  0
| 163|0x000000008a300000, 0x000000008a400000, 0x000000008a400000|100%| O|  |TAMS 0x000000008a300000| PB 0x000000008a300000| Untracked |  0
| 164|0x000000008a400000, 0x000000008a500000, 0x000000008a500000|100%| O|Cm|TAMS 0x000000008a400000| PB 0x000000008a400000| Complete |  0
| 165|0x000000008a500000, 0x000000008a600000, 0x000000008a600000|100%| O|  |TAMS 0x000000008a500000| PB 0x000000008a500000| Untracked |  0
| 166|0x000000008a600000, 0x000000008a700000, 0x000000008a700000|100%| O|  |TAMS 0x000000008a600000| PB 0x000000008a600000| Untracked |  0
| 167|0x000000008a700000, 0x000000008a800000, 0x000000008a800000|100%| O|  |TAMS 0x000000008a700000| PB 0x000000008a700000| Untracked |  0
| 168|0x000000008a800000, 0x000000008a900000, 0x000000008a900000|100%| O|  |TAMS 0x000000008a800000| PB 0x000000008a800000| Untracked |  0
| 169|0x000000008a900000, 0x000000008aa00000, 0x000000008aa00000|100%| O|  |TAMS 0x000000008a900000| PB 0x000000008a900000| Untracked |  0
| 170|0x000000008aa00000, 0x000000008ab00000, 0x000000008ab00000|100%| O|  |TAMS 0x000000008aa00000| PB 0x000000008aa00000| Untracked |  0
| 171|0x000000008ab00000, 0x000000008ac00000, 0x000000008ac00000|100%| O|  |TAMS 0x000000008ab00000| PB 0x000000008ab00000| Untracked |  0
| 172|0x000000008ac00000, 0x000000008ad00000, 0x000000008ad00000|100%| O|  |TAMS 0x000000008ac00000| PB 0x000000008ac00000| Untracked |  0
| 173|0x000000008ad00000, 0x000000008ae00000, 0x000000008ae00000|100%| O|  |TAMS 0x000000008ad00000| PB 0x000000008ad00000| Untracked |  0
| 174|0x000000008ae00000, 0x000000008af00000, 0x000000008af00000|100%| O|  |TAMS 0x000000008ae00000| PB 0x000000008ae00000| Untracked |  0
| 175|0x000000008af00000, 0x000000008b000000, 0x000000008b000000|100%| O|  |TAMS 0x000000008af00000| PB 0x000000008af00000| Untracked |  0
| 176|0x000000008b000000, 0x000000008b100000, 0x000000008b100000|100%| O|  |TAMS 0x000000008b000000| PB 0x000000008b000000| Untracked |  0
| 177|0x000000008b100000, 0x000000008b200000, 0x000000008b200000|100%| O|  |TAMS 0x000000008b100000| PB 0x000000008b100000| Untracked |  0
| 178|0x000000008b200000, 0x000000008b300000, 0x000000008b300000|100%| O|  |TAMS 0x000000008b200000| PB 0x000000008b200000| Untracked |  0
| 179|0x000000008b300000, 0x000000008b400000, 0x000000008b400000|100%| O|  |TAMS 0x000000008b300000| PB 0x000000008b300000| Untracked |  0
| 180|0x000000008b400000, 0x000000008b500000, 0x000000008b500000|100%| O|  |TAMS 0x000000008b400000| PB 0x000000008b400000| Untracked |  0
| 181|0x000000008b500000, 0x000000008b600000, 0x000000008b600000|100%| O|  |TAMS 0x000000008b500000| PB 0x000000008b500000| Untracked |  0
| 182|0x000000008b600000, 0x000000008b700000, 0x000000008b700000|100%| O|Cm|TAMS 0x000000008b600000| PB 0x000000008b600000| Complete |  0
| 183|0x000000008b700000, 0x000000008b800000, 0x000000008b800000|100%| O|  |TAMS 0x000000008b700000| PB 0x000000008b700000| Untracked |  0
| 184|0x000000008b800000, 0x000000008b900000, 0x000000008b900000|100%| O|  |TAMS 0x000000008b800000| PB 0x000000008b800000| Untracked |  0
| 185|0x000000008b900000, 0x000000008ba00000, 0x000000008ba00000|100%| O|  |TAMS 0x000000008b900000| PB 0x000000008b900000| Untracked |  0
| 186|0x000000008ba00000, 0x000000008bb00000, 0x000000008bb00000|100%| O|Cm|TAMS 0x000000008ba00000| PB 0x000000008ba00000| Complete |  0
| 187|0x000000008bb00000, 0x000000008bc00000, 0x000000008bc00000|100%| O|Cm|TAMS 0x000000008bb00000| PB 0x000000008bb00000| Complete |  0
| 188|0x000000008bc00000, 0x000000008bd00000, 0x000000008bd00000|100%| O|Cm|TAMS 0x000000008bc00000| PB 0x000000008bc00000| Complete |  0
| 189|0x000000008bd00000, 0x000000008be00000, 0x000000008be00000|100%| O|Cm|TAMS 0x000000008bd00000| PB 0x000000008bd00000| Complete |  0
| 190|0x000000008be00000, 0x000000008bf00000, 0x000000008bf00000|100%| O|  |TAMS 0x000000008be00000| PB 0x000000008be00000| Untracked |  0
| 191|0x000000008bf00000, 0x000000008c000000, 0x000000008c000000|100%| O|Cm|TAMS 0x000000008bf00000| PB 0x000000008bf00000| Complete |  0
| 192|0x000000008c000000, 0x000000008c100000, 0x000000008c100000|100%| O|  |TAMS 0x000000008c000000| PB 0x000000008c000000| Untracked |  0
| 193|0x000000008c100000, 0x000000008c200000, 0x000000008c200000|100%|HS|  |TAMS 0x000000008c100000| PB 0x000000008c100000| Complete |  0
| 194|0x000000008c200000, 0x000000008c300000, 0x000000008c300000|100%| O|Cm|TAMS 0x000000008c200000| PB 0x000000008c200000| Complete |  0
| 195|0x000000008c300000, 0x000000008c400000, 0x000000008c400000|100%| O|  |TAMS 0x000000008c300000| PB 0x000000008c300000| Untracked |  0
| 196|0x000000008c400000, 0x000000008c500000, 0x000000008c500000|100%| O|  |TAMS 0x000000008c400000| PB 0x000000008c400000| Untracked |  0
| 197|0x000000008c500000, 0x000000008c600000, 0x000000008c600000|100%|HS|  |TAMS 0x000000008c500000| PB 0x000000008c500000| Complete |  0
| 198|0x000000008c600000, 0x000000008c700000, 0x000000008c700000|100%| O|Cm|TAMS 0x000000008c600000| PB 0x000000008c600000| Complete |  0
| 199|0x000000008c700000, 0x000000008c800000, 0x000000008c800000|100%|HS|  |TAMS 0x000000008c700000| PB 0x000000008c700000| Complete |  0
| 200|0x000000008c800000, 0x000000008c900000, 0x000000008c900000|100%|HC|  |TAMS 0x000000008c800000| PB 0x000000008c800000| Complete |  0
| 201|0x000000008c900000, 0x000000008ca00000, 0x000000008ca00000|100%|HS|  |TAMS 0x000000008c900000| PB 0x000000008c900000| Complete |  0
| 202|0x000000008ca00000, 0x000000008cb00000, 0x000000008cb00000|100%| O|Cm|TAMS 0x000000008ca00000| PB 0x000000008ca00000| Complete |  0
| 203|0x000000008cb00000, 0x000000008cc00000, 0x000000008cc00000|100%| O|Cm|TAMS 0x000000008cb00000| PB 0x000000008cb00000| Complete |  0
| 204|0x000000008cc00000, 0x000000008cd00000, 0x000000008cd00000|100%| O|  |TAMS 0x000000008cc00000| PB 0x000000008cc00000| Untracked |  0
| 205|0x000000008cd00000, 0x000000008ce00000, 0x000000008ce00000|100%| O|  |TAMS 0x000000008cd00000| PB 0x000000008cd00000| Untracked |  0
| 206|0x000000008ce00000, 0x000000008cf00000, 0x000000008cf00000|100%| O|Cm|TAMS 0x000000008ce00000| PB 0x000000008ce00000| Complete |  0
| 207|0x000000008cf00000, 0x000000008d000000, 0x000000008d000000|100%| O|Cm|TAMS 0x000000008cf00000| PB 0x000000008cf00000| Complete |  0
| 208|0x000000008d000000, 0x000000008d100000, 0x000000008d100000|100%| O|Cm|TAMS 0x000000008d000000| PB 0x000000008d000000| Complete |  0
| 209|0x000000008d100000, 0x000000008d200000, 0x000000008d200000|100%| O|Cm|TAMS 0x000000008d100000| PB 0x000000008d100000| Complete |  0
| 210|0x000000008d200000, 0x000000008d300000, 0x000000008d300000|100%| O|  |TAMS 0x000000008d200000| PB 0x000000008d200000| Untracked |  0
| 211|0x000000008d300000, 0x000000008d400000, 0x000000008d400000|100%| O|Cm|TAMS 0x000000008d300000| PB 0x000000008d300000| Complete |  0
| 212|0x000000008d400000, 0x000000008d500000, 0x000000008d500000|100%| E|CS|TAMS 0x000000008d400000| PB 0x000000008d400000| Complete |  0
| 213|0x000000008d500000, 0x000000008d600000, 0x000000008d600000|100%| O|  |TAMS 0x000000008d500000| PB 0x000000008d500000| Untracked |  0
| 214|0x000000008d600000, 0x000000008d700000, 0x000000008d700000|100%| O|  |TAMS 0x000000008d600000| PB 0x000000008d600000| Untracked |  0
| 215|0x000000008d700000, 0x000000008d800000, 0x000000008d800000|100%|HS|  |TAMS 0x000000008d700000| PB 0x000000008d700000| Complete |  0
| 216|0x000000008d800000, 0x000000008d900000, 0x000000008d900000|100%|HC|  |TAMS 0x000000008d800000| PB 0x000000008d800000| Complete |  0
| 217|0x000000008d900000, 0x000000008da00000, 0x000000008da00000|100%| O|  |TAMS 0x000000008d900000| PB 0x000000008d900000| Untracked |  0
| 218|0x000000008da00000, 0x000000008db00000, 0x000000008db00000|100%| O|  |TAMS 0x000000008da00000| PB 0x000000008da00000| Untracked |  0
| 219|0x000000008db00000, 0x000000008dc00000, 0x000000008dc00000|100%| O|Cm|TAMS 0x000000008db00000| PB 0x000000008db00000| Complete |  0
| 220|0x000000008dc00000, 0x000000008dd00000, 0x000000008dd00000|100%| O|  |TAMS 0x000000008dc00000| PB 0x000000008dc00000| Untracked |  0
| 221|0x000000008dd00000, 0x000000008de00000, 0x000000008de00000|100%| E|CS|TAMS 0x000000008dd00000| PB 0x000000008dd00000| Complete |  0
| 222|0x000000008de00000, 0x000000008df00000, 0x000000008df00000|100%| O|Cm|TAMS 0x000000008de00000| PB 0x000000008de00000| Complete |  0
| 223|0x000000008df00000, 0x000000008e000000, 0x000000008e000000|100%| O|Cm|TAMS 0x000000008df00000| PB 0x000000008df00000| Complete |  0
| 224|0x000000008e000000, 0x000000008e100000, 0x000000008e100000|100%| O|  |TAMS 0x000000008e000000| PB 0x000000008e000000| Untracked |  0
| 225|0x000000008e100000, 0x000000008e200000, 0x000000008e200000|100%| O|Cm|TAMS 0x000000008e100000| PB 0x000000008e100000| Complete |  0
| 226|0x000000008e200000, 0x000000008e300000, 0x000000008e300000|100%| O|  |TAMS 0x000000008e200000| PB 0x000000008e200000| Untracked |  0
| 227|0x000000008e300000, 0x000000008e400000, 0x000000008e400000|100%| O|Cm|TAMS 0x000000008e300000| PB 0x000000008e300000| Complete |  0
| 228|0x000000008e400000, 0x000000008e500000, 0x000000008e500000|100%| O|  |TAMS 0x000000008e400000| PB 0x000000008e400000| Untracked |  0
| 229|0x000000008e500000, 0x000000008e600000, 0x000000008e600000|100%| O|Cm|TAMS 0x000000008e500000| PB 0x000000008e500000| Complete |  0
| 230|0x000000008e600000, 0x000000008e700000, 0x000000008e700000|100%| O|  |TAMS 0x000000008e600000| PB 0x000000008e600000| Untracked |  0
| 231|0x000000008e700000, 0x000000008e800000, 0x000000008e800000|100%|HS|  |TAMS 0x000000008e700000| PB 0x000000008e700000| Complete |  0
| 232|0x000000008e800000, 0x000000008e900000, 0x000000008e900000|100%|HC|  |TAMS 0x000000008e800000| PB 0x000000008e800000| Complete |  0
| 233|0x000000008e900000, 0x000000008ea00000, 0x000000008ea00000|100%| O|Cm|TAMS 0x000000008e900000| PB 0x000000008e900000| Complete |  0
| 234|0x000000008ea00000, 0x000000008eb00000, 0x000000008eb00000|100%| O|  |TAMS 0x000000008ea00000| PB 0x000000008ea00000| Untracked |  0
| 235|0x000000008eb00000, 0x000000008ec00000, 0x000000008ec00000|100%| O|  |TAMS 0x000000008eb00000| PB 0x000000008eb00000| Untracked |  0
| 236|0x000000008ec00000, 0x000000008ed00000, 0x000000008ed00000|100%| O|  |TAMS 0x000000008ec00000| PB 0x000000008ec00000| Untracked |  0
| 237|0x000000008ed00000, 0x000000008ee00000, 0x000000008ee00000|100%| O|Cm|TAMS 0x000000008ed00000| PB 0x000000008ed00000| Complete |  0
| 238|0x000000008ee00000, 0x000000008ef00000, 0x000000008ef00000|100%| O|Cm|TAMS 0x000000008ee00000| PB 0x000000008ee00000| Complete |  0
| 239|0x000000008ef00000, 0x000000008f000000, 0x000000008f000000|100%| O|  |TAMS 0x000000008ef00000| PB 0x000000008ef00000| Untracked |  0
| 240|0x000000008f000000, 0x000000008f100000, 0x000000008f100000|100%| O|  |TAMS 0x000000008f000000| PB 0x000000008f000000| Untracked |  0
| 241|0x000000008f100000, 0x000000008f200000, 0x000000008f200000|100%|HS|  |TAMS 0x000000008f100000| PB 0x000000008f100000| Complete |  0
| 242|0x000000008f200000, 0x000000008f300000, 0x000000008f300000|100%|HC|  |TAMS 0x000000008f200000| PB 0x000000008f200000| Complete |  0
| 243|0x000000008f300000, 0x000000008f400000, 0x000000008f400000|100%|HC|  |TAMS 0x000000008f300000| PB 0x000000008f300000| Complete |  0
| 244|0x000000008f400000, 0x000000008f500000, 0x000000008f500000|100%|HC|  |TAMS 0x000000008f400000| PB 0x000000008f400000| Complete |  0
| 245|0x000000008f500000, 0x000000008f600000, 0x000000008f600000|100%|HC|  |TAMS 0x000000008f500000| PB 0x000000008f500000| Complete |  0
| 246|0x000000008f600000, 0x000000008f700000, 0x000000008f700000|100%|HC|  |TAMS 0x000000008f600000| PB 0x000000008f600000| Complete |  0
| 247|0x000000008f700000, 0x000000008f800000, 0x000000008f800000|100%|HC|  |TAMS 0x000000008f700000| PB 0x000000008f700000| Complete |  0
| 248|0x000000008f800000, 0x000000008f900000, 0x000000008f900000|100%|HS|  |TAMS 0x000000008f800000| PB 0x000000008f800000| Complete |  0
| 249|0x000000008f900000, 0x000000008fa00000, 0x000000008fa00000|100%|HC|  |TAMS 0x000000008f900000| PB 0x000000008f900000| Complete |  0
| 250|0x000000008fa00000, 0x000000008fb00000, 0x000000008fb00000|100%|HS|  |TAMS 0x000000008fa00000| PB 0x000000008fa00000| Complete |  0
| 251|0x000000008fb00000, 0x000000008fc00000, 0x000000008fc00000|100%|HC|  |TAMS 0x000000008fb00000| PB 0x000000008fb00000| Complete |  0
| 252|0x000000008fc00000, 0x000000008fd00000, 0x000000008fd00000|100%| O|Cm|TAMS 0x000000008fc00000| PB 0x000000008fc00000| Complete |  0
| 253|0x000000008fd00000, 0x000000008fe00000, 0x000000008fe00000|100%| O|Cm|TAMS 0x000000008fd00000| PB 0x000000008fd00000| Complete |  0
| 254|0x000000008fe00000, 0x000000008ff00000, 0x000000008ff00000|100%| O|Cm|TAMS 0x000000008fe00000| PB 0x000000008fe00000| Complete |  0
| 255|0x000000008ff00000, 0x0000000090000000, 0x0000000090000000|100%| O|Cm|TAMS 0x000000008ff00000| PB 0x000000008ff00000| Complete |  0
| 256|0x0000000090000000, 0x0000000090100000, 0x0000000090100000|100%| O|Cm|TAMS 0x0000000090000000| PB 0x0000000090000000| Complete |  0
| 257|0x0000000090100000, 0x0000000090200000, 0x0000000090200000|100%| O|Cm|TAMS 0x0000000090100000| PB 0x0000000090100000| Complete |  0
| 258|0x0000000090200000, 0x0000000090300000, 0x0000000090300000|100%| O|Cm|TAMS 0x0000000090200000| PB 0x0000000090200000| Complete |  0
| 259|0x0000000090300000, 0x0000000090400000, 0x0000000090400000|100%| O|Cm|TAMS 0x0000000090300000| PB 0x0000000090300000| Complete |  0
| 260|0x0000000090400000, 0x0000000090500000, 0x0000000090500000|100%| O|Cm|TAMS 0x0000000090400000| PB 0x0000000090400000| Complete |  0
| 261|0x0000000090500000, 0x0000000090600000, 0x0000000090600000|100%| O|Cm|TAMS 0x0000000090500000| PB 0x0000000090500000| Complete |  0
| 262|0x0000000090600000, 0x00000000906fd8c0, 0x0000000090700000| 99%| O|  |TAMS 0x0000000090600000| PB 0x0000000090600000| Untracked |  0
| 263|0x0000000090700000, 0x0000000090800000, 0x0000000090800000|100%| O|Cm|TAMS 0x0000000090700000| PB 0x0000000090700000| Complete |  0
| 264|0x0000000090800000, 0x0000000090900000, 0x0000000090900000|100%|HS|  |TAMS 0x0000000090800000| PB 0x0000000090800000| Complete |  0
| 265|0x0000000090900000, 0x0000000090a00000, 0x0000000090a00000|100%|HC|  |TAMS 0x0000000090900000| PB 0x0000000090900000| Complete |  0
| 266|0x0000000090a00000, 0x0000000090b00000, 0x0000000090b00000|100%| O|Cm|TAMS 0x0000000090a00000| PB 0x0000000090a00000| Complete |  0
| 267|0x0000000090b00000, 0x0000000090c00000, 0x0000000090c00000|100%| O|Cm|TAMS 0x0000000090b00000| PB 0x0000000090b00000| Complete |  0
| 268|0x0000000090c00000, 0x0000000090d00000, 0x0000000090d00000|100%| O|Cm|TAMS 0x0000000090c00000| PB 0x0000000090c00000| Complete |  0
| 269|0x0000000090d00000, 0x0000000090e00000, 0x0000000090e00000|100%|HS|  |TAMS 0x0000000090d00000| PB 0x0000000090d00000| Complete |  0
| 270|0x0000000090e00000, 0x0000000090f00000, 0x0000000090f00000|100%|HC|  |TAMS 0x0000000090e00000| PB 0x0000000090e00000| Complete |  0
| 271|0x0000000090f00000, 0x0000000091000000, 0x0000000091000000|100%|HC|  |TAMS 0x0000000090f00000| PB 0x0000000090f00000| Complete |  0
| 272|0x0000000091000000, 0x0000000091100000, 0x0000000091100000|100%|HC|  |TAMS 0x0000000091000000| PB 0x0000000091000000| Complete |  0
| 273|0x0000000091100000, 0x0000000091200000, 0x0000000091200000|100%|HC|  |TAMS 0x0000000091100000| PB 0x0000000091100000| Complete |  0
| 274|0x0000000091200000, 0x0000000091300000, 0x0000000091300000|100%|HC|  |TAMS 0x0000000091200000| PB 0x0000000091200000| Complete |  0
| 275|0x0000000091300000, 0x0000000091400000, 0x0000000091400000|100%|HC|  |TAMS 0x0000000091300000| PB 0x0000000091300000| Complete |  0
| 276|0x0000000091400000, 0x0000000091500000, 0x0000000091500000|100%|HC|  |TAMS 0x0000000091400000| PB 0x0000000091400000| Complete |  0
| 277|0x0000000091500000, 0x0000000091600000, 0x0000000091600000|100%|HC|  |TAMS 0x0000000091500000| PB 0x0000000091500000| Complete |  0
| 278|0x0000000091600000, 0x0000000091700000, 0x0000000091700000|100%|HC|  |TAMS 0x0000000091600000| PB 0x0000000091600000| Complete |  0
| 279|0x0000000091700000, 0x0000000091800000, 0x0000000091800000|100%|HC|  |TAMS 0x0000000091700000| PB 0x0000000091700000| Complete |  0
| 280|0x0000000091800000, 0x0000000091900000, 0x0000000091900000|100%|HS|  |TAMS 0x0000000091800000| PB 0x0000000091800000| Complete |  0
| 281|0x0000000091900000, 0x0000000091a00000, 0x0000000091a00000|100%|HC|  |TAMS 0x0000000091900000| PB 0x0000000091900000| Complete |  0
| 282|0x0000000091a00000, 0x0000000091b00000, 0x0000000091b00000|100%|HC|  |TAMS 0x0000000091a00000| PB 0x0000000091a00000| Complete |  0
| 283|0x0000000091b00000, 0x0000000091c00000, 0x0000000091c00000|100%|HC|  |TAMS 0x0000000091b00000| PB 0x0000000091b00000| Complete |  0
| 284|0x0000000091c00000, 0x0000000091d00000, 0x0000000091d00000|100%|HC|  |TAMS 0x0000000091c00000| PB 0x0000000091c00000| Complete |  0
| 285|0x0000000091d00000, 0x0000000091e00000, 0x0000000091e00000|100%|HC|  |TAMS 0x0000000091d00000| PB 0x0000000091d00000| Complete |  0
| 286|0x0000000091e00000, 0x0000000091f00000, 0x0000000091f00000|100%|HC|  |TAMS 0x0000000091e00000| PB 0x0000000091e00000| Complete |  0
| 287|0x0000000091f00000, 0x0000000092000000, 0x0000000092000000|100%|HC|  |TAMS 0x0000000091f00000| PB 0x0000000091f00000| Complete |  0
| 288|0x0000000092000000, 0x0000000092100000, 0x0000000092100000|100%|HC|  |TAMS 0x0000000092000000| PB 0x0000000092000000| Complete |  0
| 289|0x0000000092100000, 0x0000000092200000, 0x0000000092200000|100%|HC|  |TAMS 0x0000000092100000| PB 0x0000000092100000| Complete |  0
| 290|0x0000000092200000, 0x0000000092300000, 0x0000000092300000|100%|HC|  |TAMS 0x0000000092200000| PB 0x0000000092200000| Complete |  0
| 291|0x0000000092300000, 0x0000000092400000, 0x0000000092400000|100%|HS|  |TAMS 0x0000000092300000| PB 0x0000000092300000| Complete |  0
| 292|0x0000000092400000, 0x0000000092500000, 0x0000000092500000|100%|HC|  |TAMS 0x0000000092400000| PB 0x0000000092400000| Complete |  0
| 293|0x0000000092500000, 0x0000000092600000, 0x0000000092600000|100%| O|  |TAMS 0x0000000092500000| PB 0x0000000092500000| Untracked |  0
| 294|0x0000000092600000, 0x0000000092700000, 0x0000000092700000|100%| O|  |TAMS 0x0000000092600000| PB 0x0000000092600000| Untracked |  0
| 295|0x0000000092700000, 0x0000000092800000, 0x0000000092800000|100%| O|  |TAMS 0x0000000092700000| PB 0x0000000092700000| Untracked |  0
| 296|0x0000000092800000, 0x0000000092900000, 0x0000000092900000|100%| O|  |TAMS 0x0000000092800000| PB 0x0000000092800000| Untracked |  0
| 297|0x0000000092900000, 0x0000000092a00000, 0x0000000092a00000|100%| O|  |TAMS 0x0000000092900000| PB 0x0000000092900000| Untracked |  0
| 298|0x0000000092a00000, 0x0000000092b00000, 0x0000000092b00000|100%| O|  |TAMS 0x0000000092a00000| PB 0x0000000092a00000| Untracked |  0
| 299|0x0000000092b00000, 0x0000000092c00000, 0x0000000092c00000|100%| O|  |TAMS 0x0000000092b00000| PB 0x0000000092b00000| Untracked |  0
| 300|0x0000000092c00000, 0x0000000092d00000, 0x0000000092d00000|100%| O|Cm|TAMS 0x0000000092c00000| PB 0x0000000092c00000| Complete |  0
| 301|0x0000000092d00000, 0x0000000092e00000, 0x0000000092e00000|100%| O|Cm|TAMS 0x0000000092d00000| PB 0x0000000092d00000| Complete |  0
| 302|0x0000000092e00000, 0x0000000092f00000, 0x0000000092f00000|100%| O|Cm|TAMS 0x0000000092e00000| PB 0x0000000092e00000| Complete |  0
| 303|0x0000000092f00000, 0x0000000093000000, 0x0000000093000000|100%|HS|  |TAMS 0x0000000092f00000| PB 0x0000000092f00000| Complete |  0
| 304|0x0000000093000000, 0x0000000093100000, 0x0000000093100000|100%|HC|  |TAMS 0x0000000093000000| PB 0x0000000093000000| Complete |  0
| 305|0x0000000093100000, 0x0000000093200000, 0x0000000093200000|100%| E|CS|TAMS 0x0000000093100000| PB 0x0000000093100000| Complete |  0
| 306|0x0000000093200000, 0x0000000093300000, 0x0000000093300000|100%| O|Cm|TAMS 0x0000000093200000| PB 0x0000000093200000| Complete |  0
| 307|0x0000000093300000, 0x0000000093400000, 0x0000000093400000|100%| O|Cm|TAMS 0x0000000093300000| PB 0x0000000093300000| Complete |  0
| 308|0x0000000093400000, 0x0000000093500000, 0x0000000093500000|100%| O|Cm|TAMS 0x0000000093400000| PB 0x0000000093400000| Complete |  0
| 309|0x0000000093500000, 0x0000000093600000, 0x0000000093600000|100%| O|Cm|TAMS 0x0000000093500000| PB 0x0000000093500000| Complete |  0
| 310|0x0000000093600000, 0x0000000093700000, 0x0000000093700000|100%| O|Cm|TAMS 0x0000000093600000| PB 0x0000000093600000| Complete |  0
| 311|0x0000000093700000, 0x0000000093800000, 0x0000000093800000|100%|HS|  |TAMS 0x0000000093700000| PB 0x0000000093700000| Complete |  0
| 312|0x0000000093800000, 0x0000000093900000, 0x0000000093900000|100%|HC|  |TAMS 0x0000000093800000| PB 0x0000000093800000| Complete |  0
| 313|0x0000000093900000, 0x0000000093a00000, 0x0000000093a00000|100%| E|CS|TAMS 0x0000000093900000| PB 0x0000000093900000| Complete |  0
| 314|0x0000000093a00000, 0x0000000093b00000, 0x0000000093b00000|100%| O|  |TAMS 0x0000000093a00000| PB 0x0000000093a00000| Untracked |  0
| 315|0x0000000093b00000, 0x0000000093c00000, 0x0000000093c00000|100%|HS|  |TAMS 0x0000000093b00000| PB 0x0000000093b00000| Complete |  0
| 316|0x0000000093c00000, 0x0000000093d00000, 0x0000000093d00000|100%|HC|  |TAMS 0x0000000093c00000| PB 0x0000000093c00000| Complete |  0
| 317|0x0000000093d00000, 0x0000000093e00000, 0x0000000093e00000|100%| E|CS|TAMS 0x0000000093d00000| PB 0x0000000093d00000| Complete |  0
| 318|0x0000000093e00000, 0x0000000093f00000, 0x0000000093f00000|100%| E|CS|TAMS 0x0000000093e00000| PB 0x0000000093e00000| Complete |  0
| 319|0x0000000093f00000, 0x0000000094000000, 0x0000000094000000|100%| E|CS|TAMS 0x0000000093f00000| PB 0x0000000093f00000| Complete |  0
| 320|0x0000000094000000, 0x0000000094100000, 0x0000000094100000|100%| E|CS|TAMS 0x0000000094000000| PB 0x0000000094000000| Complete |  0
| 321|0x0000000094100000, 0x0000000094200000, 0x0000000094200000|100%| E|CS|TAMS 0x0000000094100000| PB 0x0000000094100000| Complete |  0
| 322|0x0000000094200000, 0x0000000094300000, 0x0000000094300000|100%| E|CS|TAMS 0x0000000094200000| PB 0x0000000094200000| Complete |  0
| 323|0x0000000094300000, 0x0000000094400000, 0x0000000094400000|100%| E|CS|TAMS 0x0000000094300000| PB 0x0000000094300000| Complete |  0
| 324|0x0000000094400000, 0x0000000094500000, 0x0000000094500000|100%| E|CS|TAMS 0x0000000094400000| PB 0x0000000094400000| Complete |  0
| 325|0x0000000094500000, 0x0000000094600000, 0x0000000094600000|100%| E|CS|TAMS 0x0000000094500000| PB 0x0000000094500000| Complete |  0
| 326|0x0000000094600000, 0x0000000094700000, 0x0000000094700000|100%| E|CS|TAMS 0x0000000094600000| PB 0x0000000094600000| Complete |  0
| 327|0x0000000094700000, 0x0000000094800000, 0x0000000094800000|100%| E|CS|TAMS 0x0000000094700000| PB 0x0000000094700000| Complete |  0
| 328|0x0000000094800000, 0x0000000094900000, 0x0000000094900000|100%| E|CS|TAMS 0x0000000094800000| PB 0x0000000094800000| Complete |  0
| 329|0x0000000094900000, 0x0000000094a00000, 0x0000000094a00000|100%| E|CS|TAMS 0x0000000094900000| PB 0x0000000094900000| Complete |  0
| 330|0x0000000094a00000, 0x0000000094b00000, 0x0000000094b00000|100%| E|CS|TAMS 0x0000000094a00000| PB 0x0000000094a00000| Complete |  0
| 331|0x0000000094b00000, 0x0000000094c00000, 0x0000000094c00000|100%| E|CS|TAMS 0x0000000094b00000| PB 0x0000000094b00000| Complete |  0
| 332|0x0000000094c00000, 0x0000000094d00000, 0x0000000094d00000|100%| E|CS|TAMS 0x0000000094c00000| PB 0x0000000094c00000| Complete |  0
| 333|0x0000000094d00000, 0x0000000094e00000, 0x0000000094e00000|100%| E|CS|TAMS 0x0000000094d00000| PB 0x0000000094d00000| Complete |  0
| 334|0x0000000094e00000, 0x0000000094f00000, 0x0000000094f00000|100%| E|CS|TAMS 0x0000000094e00000| PB 0x0000000094e00000| Complete |  0
| 335|0x0000000094f00000, 0x0000000095000000, 0x0000000095000000|100%| E|CS|TAMS 0x0000000094f00000| PB 0x0000000094f00000| Complete |  0
| 336|0x0000000095000000, 0x0000000095100000, 0x0000000095100000|100%| E|CS|TAMS 0x0000000095000000| PB 0x0000000095000000| Complete |  0
| 337|0x0000000095100000, 0x0000000095200000, 0x0000000095200000|100%| E|CS|TAMS 0x0000000095100000| PB 0x0000000095100000| Complete |  0
| 338|0x0000000095200000, 0x0000000095300000, 0x0000000095300000|100%| E|CS|TAMS 0x0000000095200000| PB 0x0000000095200000| Complete |  0
| 339|0x0000000095300000, 0x0000000095400000, 0x0000000095400000|100%| E|CS|TAMS 0x0000000095300000| PB 0x0000000095300000| Complete |  0
| 340|0x0000000095400000, 0x0000000095500000, 0x0000000095500000|100%| E|CS|TAMS 0x0000000095400000| PB 0x0000000095400000| Complete |  0
| 341|0x0000000095500000, 0x0000000095600000, 0x0000000095600000|100%| E|CS|TAMS 0x0000000095500000| PB 0x0000000095500000| Complete |  0
| 342|0x0000000095600000, 0x0000000095700000, 0x0000000095700000|100%| E|CS|TAMS 0x0000000095600000| PB 0x0000000095600000| Complete |  0
| 343|0x0000000095700000, 0x0000000095800000, 0x0000000095800000|100%| E|CS|TAMS 0x0000000095700000| PB 0x0000000095700000| Complete |  0
| 344|0x0000000095800000, 0x0000000095900000, 0x0000000095900000|100%| E|CS|TAMS 0x0000000095800000| PB 0x0000000095800000| Complete |  0
| 345|0x0000000095900000, 0x0000000095a00000, 0x0000000095a00000|100%| E|CS|TAMS 0x0000000095900000| PB 0x0000000095900000| Complete |  0
| 346|0x0000000095a00000, 0x0000000095b00000, 0x0000000095b00000|100%| E|CS|TAMS 0x0000000095a00000| PB 0x0000000095a00000| Complete |  0
| 347|0x0000000095b00000, 0x0000000095c00000, 0x0000000095c00000|100%| E|CS|TAMS 0x0000000095b00000| PB 0x0000000095b00000| Complete |  0
| 348|0x0000000095c00000, 0x0000000095d00000, 0x0000000095d00000|100%| E|CS|TAMS 0x0000000095c00000| PB 0x0000000095c00000| Complete |  0
| 349|0x0000000095d00000, 0x0000000095e00000, 0x0000000095e00000|100%| E|CS|TAMS 0x0000000095d00000| PB 0x0000000095d00000| Complete |  0
| 350|0x0000000095e00000, 0x0000000095f00000, 0x0000000095f00000|100%| E|CS|TAMS 0x0000000095e00000| PB 0x0000000095e00000| Complete |  0
| 351|0x0000000095f00000, 0x0000000096000000, 0x0000000096000000|100%| E|CS|TAMS 0x0000000095f00000| PB 0x0000000095f00000| Complete |  0
| 352|0x0000000096000000, 0x0000000096100000, 0x0000000096100000|100%| E|CS|TAMS 0x0000000096000000| PB 0x0000000096000000| Complete |  0
| 353|0x0000000096100000, 0x0000000096200000, 0x0000000096200000|100%| E|CS|TAMS 0x0000000096100000| PB 0x0000000096100000| Complete |  0
| 354|0x0000000096200000, 0x0000000096300000, 0x0000000096300000|100%| E|CS|TAMS 0x0000000096200000| PB 0x0000000096200000| Complete |  0
| 355|0x0000000096300000, 0x0000000096400000, 0x0000000096400000|100%| E|CS|TAMS 0x0000000096300000| PB 0x0000000096300000| Complete |  0
| 356|0x0000000096400000, 0x0000000096500000, 0x0000000096500000|100%| E|CS|TAMS 0x0000000096400000| PB 0x0000000096400000| Complete |  0
| 357|0x0000000096500000, 0x0000000096600000, 0x0000000096600000|100%| E|CS|TAMS 0x0000000096500000| PB 0x0000000096500000| Complete |  0
| 358|0x0000000096600000, 0x0000000096700000, 0x0000000096700000|100%| E|CS|TAMS 0x0000000096600000| PB 0x0000000096600000| Complete |  0
| 359|0x0000000096700000, 0x0000000096800000, 0x0000000096800000|100%| E|CS|TAMS 0x0000000096700000| PB 0x0000000096700000| Complete |  0
| 360|0x0000000096800000, 0x0000000096900000, 0x0000000096900000|100%| E|CS|TAMS 0x0000000096800000| PB 0x0000000096800000| Complete |  0
| 361|0x0000000096900000, 0x0000000096a00000, 0x0000000096a00000|100%| E|CS|TAMS 0x0000000096900000| PB 0x0000000096900000| Complete |  0
| 362|0x0000000096a00000, 0x0000000096b00000, 0x0000000096b00000|100%| E|CS|TAMS 0x0000000096a00000| PB 0x0000000096a00000| Complete |  0
| 363|0x0000000096b00000, 0x0000000096c00000, 0x0000000096c00000|100%| E|CS|TAMS 0x0000000096b00000| PB 0x0000000096b00000| Complete |  0
| 364|0x0000000096c00000, 0x0000000096d00000, 0x0000000096d00000|100%| E|CS|TAMS 0x0000000096c00000| PB 0x0000000096c00000| Complete |  0
| 365|0x0000000096d00000, 0x0000000096e00000, 0x0000000096e00000|100%| E|CS|TAMS 0x0000000096d00000| PB 0x0000000096d00000| Complete |  0
| 366|0x0000000096e00000, 0x0000000096f00000, 0x0000000096f00000|100%| E|CS|TAMS 0x0000000096e00000| PB 0x0000000096e00000| Complete |  0
| 367|0x0000000096f00000, 0x0000000097000000, 0x0000000097000000|100%| E|CS|TAMS 0x0000000096f00000| PB 0x0000000096f00000| Complete |  0
| 368|0x0000000097000000, 0x0000000097100000, 0x0000000097100000|100%| E|CS|TAMS 0x0000000097000000| PB 0x0000000097000000| Complete |  0
| 369|0x0000000097100000, 0x0000000097200000, 0x0000000097200000|100%| E|CS|TAMS 0x0000000097100000| PB 0x0000000097100000| Complete |  0
| 370|0x0000000097200000, 0x0000000097300000, 0x0000000097300000|100%| E|CS|TAMS 0x0000000097200000| PB 0x0000000097200000| Complete |  0
| 371|0x0000000097300000, 0x0000000097400000, 0x0000000097400000|100%| E|CS|TAMS 0x0000000097300000| PB 0x0000000097300000| Complete |  0
| 372|0x0000000097400000, 0x0000000097500000, 0x0000000097500000|100%| E|CS|TAMS 0x0000000097400000| PB 0x0000000097400000| Complete |  0
| 373|0x0000000097500000, 0x0000000097600000, 0x0000000097600000|100%| E|CS|TAMS 0x0000000097500000| PB 0x0000000097500000| Complete |  0
| 374|0x0000000097600000, 0x0000000097700000, 0x0000000097700000|100%| E|CS|TAMS 0x0000000097600000| PB 0x0000000097600000| Complete |  0
| 375|0x0000000097700000, 0x0000000097800000, 0x0000000097800000|100%| E|CS|TAMS 0x0000000097700000| PB 0x0000000097700000| Complete |  0
| 376|0x0000000097800000, 0x0000000097900000, 0x0000000097900000|100%| E|CS|TAMS 0x0000000097800000| PB 0x0000000097800000| Complete |  0
| 377|0x0000000097900000, 0x0000000097a00000, 0x0000000097a00000|100%| E|CS|TAMS 0x0000000097900000| PB 0x0000000097900000| Complete |  0
| 378|0x0000000097a00000, 0x0000000097b00000, 0x0000000097b00000|100%| E|CS|TAMS 0x0000000097a00000| PB 0x0000000097a00000| Complete |  0
| 379|0x0000000097b00000, 0x0000000097c00000, 0x0000000097c00000|100%| E|CS|TAMS 0x0000000097b00000| PB 0x0000000097b00000| Complete |  0
| 380|0x0000000097c00000, 0x0000000097d00000, 0x0000000097d00000|100%| E|CS|TAMS 0x0000000097c00000| PB 0x0000000097c00000| Complete |  0
| 381|0x0000000097d00000, 0x0000000097e00000, 0x0000000097e00000|100%| E|CS|TAMS 0x0000000097d00000| PB 0x0000000097d00000| Complete |  0
| 382|0x0000000097e00000, 0x0000000097f00000, 0x0000000097f00000|100%| E|CS|TAMS 0x0000000097e00000| PB 0x0000000097e00000| Complete |  0
| 383|0x0000000097f00000, 0x0000000098000000, 0x0000000098000000|100%| E|CS|TAMS 0x0000000097f00000| PB 0x0000000097f00000| Complete |  0
| 384|0x0000000098000000, 0x0000000098100000, 0x0000000098100000|100%| E|CS|TAMS 0x0000000098000000| PB 0x0000000098000000| Complete |  0
| 385|0x0000000098100000, 0x0000000098200000, 0x0000000098200000|100%| E|CS|TAMS 0x0000000098100000| PB 0x0000000098100000| Complete |  0
| 386|0x0000000098200000, 0x0000000098300000, 0x0000000098300000|100%| E|CS|TAMS 0x0000000098200000| PB 0x0000000098200000| Complete |  0
| 387|0x0000000098300000, 0x0000000098400000, 0x0000000098400000|100%| E|CS|TAMS 0x0000000098300000| PB 0x0000000098300000| Complete |  0
| 388|0x0000000098400000, 0x0000000098500000, 0x0000000098500000|100%| E|CS|TAMS 0x0000000098400000| PB 0x0000000098400000| Complete |  0
| 389|0x0000000098500000, 0x0000000098600000, 0x0000000098600000|100%| E|CS|TAMS 0x0000000098500000| PB 0x0000000098500000| Complete |  0
| 390|0x0000000098600000, 0x0000000098700000, 0x0000000098700000|100%| E|CS|TAMS 0x0000000098600000| PB 0x0000000098600000| Complete |  0
| 391|0x0000000098700000, 0x0000000098800000, 0x0000000098800000|100%| E|CS|TAMS 0x0000000098700000| PB 0x0000000098700000| Complete |  0
| 392|0x0000000098800000, 0x0000000098900000, 0x0000000098900000|100%| E|CS|TAMS 0x0000000098800000| PB 0x0000000098800000| Complete |  0
| 393|0x0000000098900000, 0x0000000098a00000, 0x0000000098a00000|100%| E|CS|TAMS 0x0000000098900000| PB 0x0000000098900000| Complete |  0
| 394|0x0000000098a00000, 0x0000000098b00000, 0x0000000098b00000|100%| E|CS|TAMS 0x0000000098a00000| PB 0x0000000098a00000| Complete |  0
| 395|0x0000000098b00000, 0x0000000098c00000, 0x0000000098c00000|100%| E|CS|TAMS 0x0000000098b00000| PB 0x0000000098b00000| Complete |  0
| 396|0x0000000098c00000, 0x0000000098d00000, 0x0000000098d00000|100%| E|CS|TAMS 0x0000000098c00000| PB 0x0000000098c00000| Complete |  0
| 397|0x0000000098d00000, 0x0000000098e00000, 0x0000000098e00000|100%| E|CS|TAMS 0x0000000098d00000| PB 0x0000000098d00000| Complete |  0
| 398|0x0000000098e00000, 0x0000000098f00000, 0x0000000098f00000|100%| E|CS|TAMS 0x0000000098e00000| PB 0x0000000098e00000| Complete |  0
| 399|0x0000000098f00000, 0x0000000099000000, 0x0000000099000000|100%| E|CS|TAMS 0x0000000098f00000| PB 0x0000000098f00000| Complete |  0
| 400|0x0000000099000000, 0x0000000099100000, 0x0000000099100000|100%| E|CS|TAMS 0x0000000099000000| PB 0x0000000099000000| Complete |  0
| 401|0x0000000099100000, 0x0000000099200000, 0x0000000099200000|100%| E|CS|TAMS 0x0000000099100000| PB 0x0000000099100000| Complete |  0
| 402|0x0000000099200000, 0x0000000099300000, 0x0000000099300000|100%| E|CS|TAMS 0x0000000099200000| PB 0x0000000099200000| Complete |  0
| 403|0x0000000099300000, 0x0000000099400000, 0x0000000099400000|100%| E|CS|TAMS 0x0000000099300000| PB 0x0000000099300000| Complete |  0
| 404|0x0000000099400000, 0x0000000099500000, 0x0000000099500000|100%| E|CS|TAMS 0x0000000099400000| PB 0x0000000099400000| Complete |  0
| 405|0x0000000099500000, 0x0000000099600000, 0x0000000099600000|100%| E|CS|TAMS 0x0000000099500000| PB 0x0000000099500000| Complete |  0
| 406|0x0000000099600000, 0x0000000099700000, 0x0000000099700000|100%| E|CS|TAMS 0x0000000099600000| PB 0x0000000099600000| Complete |  0
| 407|0x0000000099700000, 0x0000000099800000, 0x0000000099800000|100%| E|CS|TAMS 0x0000000099700000| PB 0x0000000099700000| Complete |  0
| 408|0x0000000099800000, 0x0000000099900000, 0x0000000099900000|100%| E|CS|TAMS 0x0000000099800000| PB 0x0000000099800000| Complete |  0
| 409|0x0000000099900000, 0x0000000099a00000, 0x0000000099a00000|100%| E|CS|TAMS 0x0000000099900000| PB 0x0000000099900000| Complete |  0
| 410|0x0000000099a00000, 0x0000000099b00000, 0x0000000099b00000|100%| E|CS|TAMS 0x0000000099a00000| PB 0x0000000099a00000| Complete |  0
| 411|0x0000000099b00000, 0x0000000099c00000, 0x0000000099c00000|100%| E|CS|TAMS 0x0000000099b00000| PB 0x0000000099b00000| Complete |  0
| 412|0x0000000099c00000, 0x0000000099d00000, 0x0000000099d00000|100%| E|CS|TAMS 0x0000000099c00000| PB 0x0000000099c00000| Complete |  0
| 413|0x0000000099d00000, 0x0000000099e00000, 0x0000000099e00000|100%| E|CS|TAMS 0x0000000099d00000| PB 0x0000000099d00000| Complete |  0
| 414|0x0000000099e00000, 0x0000000099f00000, 0x0000000099f00000|100%| E|CS|TAMS 0x0000000099e00000| PB 0x0000000099e00000| Complete |  0
| 415|0x0000000099f00000, 0x000000009a000000, 0x000000009a000000|100%| E|CS|TAMS 0x0000000099f00000| PB 0x0000000099f00000| Complete |  0
| 416|0x000000009a000000, 0x000000009a100000, 0x000000009a100000|100%| E|CS|TAMS 0x000000009a000000| PB 0x000000009a000000| Complete |  0
| 417|0x000000009a100000, 0x000000009a200000, 0x000000009a200000|100%| E|CS|TAMS 0x000000009a100000| PB 0x000000009a100000| Complete |  0
| 418|0x000000009a200000, 0x000000009a300000, 0x000000009a300000|100%| E|CS|TAMS 0x000000009a200000| PB 0x000000009a200000| Complete |  0
| 419|0x000000009a300000, 0x000000009a400000, 0x000000009a400000|100%| E|CS|TAMS 0x000000009a300000| PB 0x000000009a300000| Complete |  0
| 420|0x000000009a400000, 0x000000009a500000, 0x000000009a500000|100%| E|CS|TAMS 0x000000009a400000| PB 0x000000009a400000| Complete |  0
| 421|0x000000009a500000, 0x000000009a600000, 0x000000009a600000|100%| E|CS|TAMS 0x000000009a500000| PB 0x000000009a500000| Complete |  0
| 422|0x000000009a600000, 0x000000009a700000, 0x000000009a700000|100%| E|CS|TAMS 0x000000009a600000| PB 0x000000009a600000| Complete |  0
| 423|0x000000009a700000, 0x000000009a800000, 0x000000009a800000|100%| E|CS|TAMS 0x000000009a700000| PB 0x000000009a700000| Complete |  0
| 424|0x000000009a800000, 0x000000009a900000, 0x000000009a900000|100%| E|CS|TAMS 0x000000009a800000| PB 0x000000009a800000| Complete |  0
| 425|0x000000009a900000, 0x000000009aa00000, 0x000000009aa00000|100%| E|CS|TAMS 0x000000009a900000| PB 0x000000009a900000| Complete |  0
| 426|0x000000009aa00000, 0x000000009ab00000, 0x000000009ab00000|100%| E|CS|TAMS 0x000000009aa00000| PB 0x000000009aa00000| Complete |  0
| 427|0x000000009ab00000, 0x000000009ac00000, 0x000000009ac00000|100%| E|CS|TAMS 0x000000009ab00000| PB 0x000000009ab00000| Complete |  0
| 428|0x000000009ac00000, 0x000000009ad00000, 0x000000009ad00000|100%| E|CS|TAMS 0x000000009ac00000| PB 0x000000009ac00000| Complete |  0
| 429|0x000000009ad00000, 0x000000009ae00000, 0x000000009ae00000|100%| E|CS|TAMS 0x000000009ad00000| PB 0x000000009ad00000| Complete |  0
| 430|0x000000009ae00000, 0x000000009af00000, 0x000000009af00000|100%| E|CS|TAMS 0x000000009ae00000| PB 0x000000009ae00000| Complete |  0
| 431|0x000000009af00000, 0x000000009b000000, 0x000000009b000000|100%| E|CS|TAMS 0x000000009af00000| PB 0x000000009af00000| Complete |  0
| 432|0x000000009b000000, 0x000000009b100000, 0x000000009b100000|100%| E|CS|TAMS 0x000000009b000000| PB 0x000000009b000000| Complete |  0
| 433|0x000000009b100000, 0x000000009b200000, 0x000000009b200000|100%| E|CS|TAMS 0x000000009b100000| PB 0x000000009b100000| Complete |  0
| 434|0x000000009b200000, 0x000000009b300000, 0x000000009b300000|100%| E|CS|TAMS 0x000000009b200000| PB 0x000000009b200000| Complete |  0
| 435|0x000000009b300000, 0x000000009b400000, 0x000000009b400000|100%| E|CS|TAMS 0x000000009b300000| PB 0x000000009b300000| Complete |  0
| 436|0x000000009b400000, 0x000000009b500000, 0x000000009b500000|100%| E|CS|TAMS 0x000000009b400000| PB 0x000000009b400000| Complete |  0
| 437|0x000000009b500000, 0x000000009b59f820, 0x000000009b600000| 62%| E|CS|TAMS 0x000000009b500000| PB 0x000000009b500000| Complete |  0
| 438|0x000000009b600000, 0x000000009b700000, 0x000000009b700000|100%| E|CS|TAMS 0x000000009b600000| PB 0x000000009b600000| Complete |  0
| 439|0x000000009b700000, 0x000000009b800000, 0x000000009b800000|100%| E|CS|TAMS 0x000000009b700000| PB 0x000000009b700000| Complete |  0
| 440|0x000000009b800000, 0x000000009b900000, 0x000000009b900000|100%| E|CS|TAMS 0x000000009b800000| PB 0x000000009b800000| Complete |  0
| 441|0x000000009b900000, 0x000000009ba00000, 0x000000009ba00000|100%| E|CS|TAMS 0x000000009b900000| PB 0x000000009b900000| Complete |  0
| 442|0x000000009ba00000, 0x000000009bb00000, 0x000000009bb00000|100%| E|CS|TAMS 0x000000009ba00000| PB 0x000000009ba00000| Complete |  0
| 443|0x000000009bb00000, 0x000000009bc00000, 0x000000009bc00000|100%| E|CS|TAMS 0x000000009bb00000| PB 0x000000009bb00000| Complete |  0
| 444|0x000000009bc00000, 0x000000009bd00000, 0x000000009bd00000|100%| E|CS|TAMS 0x000000009bc00000| PB 0x000000009bc00000| Complete |  0
| 445|0x000000009bd00000, 0x000000009be00000, 0x000000009be00000|100%| E|CS|TAMS 0x000000009bd00000| PB 0x000000009bd00000| Complete |  0
| 446|0x000000009be00000, 0x000000009bf00000, 0x000000009bf00000|100%| E|CS|TAMS 0x000000009be00000| PB 0x000000009be00000| Complete |  0
| 447|0x000000009bf00000, 0x000000009c000000, 0x000000009c000000|100%| E|CS|TAMS 0x000000009bf00000| PB 0x000000009bf00000| Complete |  0
| 448|0x000000009c000000, 0x000000009c100000, 0x000000009c100000|100%| E|CS|TAMS 0x000000009c000000| PB 0x000000009c000000| Complete |  0
| 449|0x000000009c100000, 0x000000009c200000, 0x000000009c200000|100%| E|CS|TAMS 0x000000009c100000| PB 0x000000009c100000| Complete |  0
| 450|0x000000009c200000, 0x000000009c300000, 0x000000009c300000|100%| E|CS|TAMS 0x000000009c200000| PB 0x000000009c200000| Complete |  0
| 451|0x000000009c300000, 0x000000009c400000, 0x000000009c400000|100%| E|CS|TAMS 0x000000009c300000| PB 0x000000009c300000| Complete |  0
| 452|0x000000009c400000, 0x000000009c500000, 0x000000009c500000|100%| E|CS|TAMS 0x000000009c400000| PB 0x000000009c400000| Complete |  0
| 453|0x000000009c500000, 0x000000009c600000, 0x000000009c600000|100%| E|CS|TAMS 0x000000009c500000| PB 0x000000009c500000| Complete |  0
| 454|0x000000009c600000, 0x000000009c700000, 0x000000009c700000|100%| E|CS|TAMS 0x000000009c600000| PB 0x000000009c600000| Complete |  0
| 455|0x000000009c700000, 0x000000009c800000, 0x000000009c800000|100%| E|CS|TAMS 0x000000009c700000| PB 0x000000009c700000| Complete |  0
| 456|0x000000009c800000, 0x000000009c900000, 0x000000009c900000|100%| E|CS|TAMS 0x000000009c800000| PB 0x000000009c800000| Complete |  0
| 457|0x000000009c900000, 0x000000009ca00000, 0x000000009ca00000|100%| E|CS|TAMS 0x000000009c900000| PB 0x000000009c900000| Complete |  0
| 458|0x000000009ca00000, 0x000000009cb00000, 0x000000009cb00000|100%| E|CS|TAMS 0x000000009ca00000| PB 0x000000009ca00000| Complete |  0
| 459|0x000000009cb00000, 0x000000009cc00000, 0x000000009cc00000|100%| E|CS|TAMS 0x000000009cb00000| PB 0x000000009cb00000| Complete |  0
| 460|0x000000009cc00000, 0x000000009cd00000, 0x000000009cd00000|100%| E|CS|TAMS 0x000000009cc00000| PB 0x000000009cc00000| Complete |  0
| 461|0x000000009cd00000, 0x000000009ce00000, 0x000000009ce00000|100%| E|CS|TAMS 0x000000009cd00000| PB 0x000000009cd00000| Complete |  0
| 462|0x000000009ce00000, 0x000000009cf00000, 0x000000009cf00000|100%| E|CS|TAMS 0x000000009ce00000| PB 0x000000009ce00000| Complete |  0
| 463|0x000000009cf00000, 0x000000009d000000, 0x000000009d000000|100%| E|CS|TAMS 0x000000009cf00000| PB 0x000000009cf00000| Complete |  0
| 464|0x000000009d000000, 0x000000009d100000, 0x000000009d100000|100%| E|CS|TAMS 0x000000009d000000| PB 0x000000009d000000| Complete |  0
| 465|0x000000009d100000, 0x000000009d200000, 0x000000009d200000|100%| E|CS|TAMS 0x000000009d100000| PB 0x000000009d100000| Complete |  0
| 466|0x000000009d200000, 0x000000009d300000, 0x000000009d300000|100%| E|CS|TAMS 0x000000009d200000| PB 0x000000009d200000| Complete |  0
| 467|0x000000009d300000, 0x000000009d400000, 0x000000009d400000|100%| E|CS|TAMS 0x000000009d300000| PB 0x000000009d300000| Complete |  0
| 468|0x000000009d400000, 0x000000009d500000, 0x000000009d500000|100%| E|CS|TAMS 0x000000009d400000| PB 0x000000009d400000| Complete |  0
| 469|0x000000009d500000, 0x000000009d600000, 0x000000009d600000|100%| E|CS|TAMS 0x000000009d500000| PB 0x000000009d500000| Complete |  0
| 470|0x000000009d600000, 0x000000009d700000, 0x000000009d700000|100%| E|CS|TAMS 0x000000009d600000| PB 0x000000009d600000| Complete |  0
| 471|0x000000009d700000, 0x000000009d800000, 0x000000009d800000|100%| E|CS|TAMS 0x000000009d700000| PB 0x000000009d700000| Complete |  0
| 472|0x000000009d800000, 0x000000009d900000, 0x000000009d900000|100%| E|CS|TAMS 0x000000009d800000| PB 0x000000009d800000| Complete |  0
| 473|0x000000009d900000, 0x000000009da00000, 0x000000009da00000|100%| E|CS|TAMS 0x000000009d900000| PB 0x000000009d900000| Complete |  0
| 474|0x000000009da00000, 0x000000009db00000, 0x000000009db00000|100%| E|CS|TAMS 0x000000009da00000| PB 0x000000009da00000| Complete |  0
| 475|0x000000009db00000, 0x000000009dc00000, 0x000000009dc00000|100%| E|CS|TAMS 0x000000009db00000| PB 0x000000009db00000| Complete |  0
| 476|0x000000009dc00000, 0x000000009dd00000, 0x000000009dd00000|100%| E|CS|TAMS 0x000000009dc00000| PB 0x000000009dc00000| Complete |  0
| 477|0x000000009dd00000, 0x000000009de00000, 0x000000009de00000|100%| E|CS|TAMS 0x000000009dd00000| PB 0x000000009dd00000| Complete |  0
| 478|0x000000009de00000, 0x000000009df00000, 0x000000009df00000|100%| E|CS|TAMS 0x000000009de00000| PB 0x000000009de00000| Complete |  0
| 479|0x000000009df00000, 0x000000009e000000, 0x000000009e000000|100%| E|CS|TAMS 0x000000009df00000| PB 0x000000009df00000| Complete |  0
| 480|0x000000009e000000, 0x000000009e100000, 0x000000009e100000|100%| E|CS|TAMS 0x000000009e000000| PB 0x000000009e000000| Complete |  0
| 481|0x000000009e100000, 0x000000009e200000, 0x000000009e200000|100%| E|CS|TAMS 0x000000009e100000| PB 0x000000009e100000| Complete |  0
| 482|0x000000009e200000, 0x000000009e300000, 0x000000009e300000|100%| E|CS|TAMS 0x000000009e200000| PB 0x000000009e200000| Complete |  0
| 483|0x000000009e300000, 0x000000009e400000, 0x000000009e400000|100%| E|CS|TAMS 0x000000009e300000| PB 0x000000009e300000| Complete |  0
| 484|0x000000009e400000, 0x000000009e500000, 0x000000009e500000|100%| E|CS|TAMS 0x000000009e400000| PB 0x000000009e400000| Complete |  0
| 485|0x000000009e500000, 0x000000009e600000, 0x000000009e600000|100%| E|CS|TAMS 0x000000009e500000| PB 0x000000009e500000| Complete |  0
| 486|0x000000009e600000, 0x000000009e700000, 0x000000009e700000|100%| E|CS|TAMS 0x000000009e600000| PB 0x000000009e600000| Complete |  0
| 487|0x000000009e700000, 0x000000009e800000, 0x000000009e800000|100%| E|CS|TAMS 0x000000009e700000| PB 0x000000009e700000| Complete |  0
| 488|0x000000009e800000, 0x000000009e900000, 0x000000009e900000|100%| E|CS|TAMS 0x000000009e800000| PB 0x000000009e800000| Complete |  0
| 489|0x000000009e900000, 0x000000009ea00000, 0x000000009ea00000|100%| E|CS|TAMS 0x000000009e900000| PB 0x000000009e900000| Complete |  0
| 490|0x000000009ea00000, 0x000000009eb00000, 0x000000009eb00000|100%| E|CS|TAMS 0x000000009ea00000| PB 0x000000009ea00000| Complete |  0
| 491|0x000000009eb00000, 0x000000009ec00000, 0x000000009ec00000|100%| E|CS|TAMS 0x000000009eb00000| PB 0x000000009eb00000| Complete |  0
| 492|0x000000009ec00000, 0x000000009ed00000, 0x000000009ed00000|100%| E|CS|TAMS 0x000000009ec00000| PB 0x000000009ec00000| Complete |  0
| 493|0x000000009ed00000, 0x000000009ee00000, 0x000000009ee00000|100%| E|CS|TAMS 0x000000009ed00000| PB 0x000000009ed00000| Complete |  0
| 494|0x000000009ee00000, 0x000000009ef00000, 0x000000009ef00000|100%| E|CS|TAMS 0x000000009ee00000| PB 0x000000009ee00000| Complete |  0
| 495|0x000000009ef00000, 0x000000009f000000, 0x000000009f000000|100%| E|CS|TAMS 0x000000009ef00000| PB 0x000000009ef00000| Complete |  0
| 496|0x000000009f000000, 0x000000009f100000, 0x000000009f100000|100%| E|CS|TAMS 0x000000009f000000| PB 0x000000009f000000| Complete |  0
| 497|0x000000009f100000, 0x000000009f200000, 0x000000009f200000|100%| E|CS|TAMS 0x000000009f100000| PB 0x000000009f100000| Complete |  0
| 498|0x000000009f200000, 0x000000009f300000, 0x000000009f300000|100%| E|CS|TAMS 0x000000009f200000| PB 0x000000009f200000| Complete |  0
| 499|0x000000009f300000, 0x000000009f400000, 0x000000009f400000|100%| E|CS|TAMS 0x000000009f300000| PB 0x000000009f300000| Complete |  0
| 500|0x000000009f400000, 0x000000009f500000, 0x000000009f500000|100%| E|CS|TAMS 0x000000009f400000| PB 0x000000009f400000| Complete |  0
| 501|0x000000009f500000, 0x000000009f600000, 0x000000009f600000|100%| E|CS|TAMS 0x000000009f500000| PB 0x000000009f500000| Complete |  0
| 502|0x000000009f600000, 0x000000009f700000, 0x000000009f700000|100%| E|CS|TAMS 0x000000009f600000| PB 0x000000009f600000| Complete |  0
| 503|0x000000009f700000, 0x000000009f800000, 0x000000009f800000|100%| E|CS|TAMS 0x000000009f700000| PB 0x000000009f700000| Complete |  0
| 504|0x000000009f800000, 0x000000009f900000, 0x000000009f900000|100%| E|CS|TAMS 0x000000009f800000| PB 0x000000009f800000| Complete |  0
| 505|0x000000009f900000, 0x000000009fa00000, 0x000000009fa00000|100%| E|CS|TAMS 0x000000009f900000| PB 0x000000009f900000| Complete |  0
| 506|0x000000009fa00000, 0x000000009fb00000, 0x000000009fb00000|100%| E|CS|TAMS 0x000000009fa00000| PB 0x000000009fa00000| Complete |  0
| 507|0x000000009fb00000, 0x000000009fc00000, 0x000000009fc00000|100%| E|CS|TAMS 0x000000009fb00000| PB 0x000000009fb00000| Complete |  0
| 508|0x000000009fc00000, 0x000000009fd00000, 0x000000009fd00000|100%| E|CS|TAMS 0x000000009fc00000| PB 0x000000009fc00000| Complete |  0
| 509|0x000000009fd00000, 0x000000009fe00000, 0x000000009fe00000|100%| E|CS|TAMS 0x000000009fd00000| PB 0x000000009fd00000| Complete |  0
| 510|0x000000009fe00000, 0x000000009ff00000, 0x000000009ff00000|100%| E|CS|TAMS 0x000000009fe00000| PB 0x000000009fe00000| Complete |  0
| 511|0x000000009ff00000, 0x00000000a0000000, 0x00000000a0000000|100%| E|CS|TAMS 0x000000009ff00000| PB 0x000000009ff00000| Complete |  0
| 512|0x00000000a0000000, 0x00000000a0100000, 0x00000000a0100000|100%| E|CS|TAMS 0x00000000a0000000| PB 0x00000000a0000000| Complete |  0
| 513|0x00000000a0100000, 0x00000000a0200000, 0x00000000a0200000|100%| E|CS|TAMS 0x00000000a0100000| PB 0x00000000a0100000| Complete |  0
| 514|0x00000000a0200000, 0x00000000a0300000, 0x00000000a0300000|100%| E|CS|TAMS 0x00000000a0200000| PB 0x00000000a0200000| Complete |  0
| 515|0x00000000a0300000, 0x00000000a0400000, 0x00000000a0400000|100%| E|CS|TAMS 0x00000000a0300000| PB 0x00000000a0300000| Complete |  0
| 516|0x00000000a0400000, 0x00000000a0500000, 0x00000000a0500000|100%| E|CS|TAMS 0x00000000a0400000| PB 0x00000000a0400000| Complete |  0
| 517|0x00000000a0500000, 0x00000000a0600000, 0x00000000a0600000|100%| E|CS|TAMS 0x00000000a0500000| PB 0x00000000a0500000| Complete |  0
| 518|0x00000000a0600000, 0x00000000a0700000, 0x00000000a0700000|100%| E|CS|TAMS 0x00000000a0600000| PB 0x00000000a0600000| Complete |  0
| 519|0x00000000a0700000, 0x00000000a0800000, 0x00000000a0800000|100%| E|CS|TAMS 0x00000000a0700000| PB 0x00000000a0700000| Complete |  0
| 520|0x00000000a0800000, 0x00000000a0900000, 0x00000000a0900000|100%| E|CS|TAMS 0x00000000a0800000| PB 0x00000000a0800000| Complete |  0
| 521|0x00000000a0900000, 0x00000000a0a00000, 0x00000000a0a00000|100%| E|CS|TAMS 0x00000000a0900000| PB 0x00000000a0900000| Complete |  0
| 522|0x00000000a0a00000, 0x00000000a0b00000, 0x00000000a0b00000|100%| E|CS|TAMS 0x00000000a0a00000| PB 0x00000000a0a00000| Complete |  0
|2023|0x00000000fe700000, 0x00000000fe800000, 0x00000000fe800000|100%| O|  |TAMS 0x00000000fe700000| PB 0x00000000fe700000| Untracked |  0
|2024|0x00000000fe800000, 0x00000000fe900000, 0x00000000fe900000|100%| E|CS|TAMS 0x00000000fe800000| PB 0x00000000fe800000| Complete |  0
|2025|0x00000000fe900000, 0x00000000fea00000, 0x00000000fea00000|100%| O|Cm|TAMS 0x00000000fe900000| PB 0x00000000fe900000| Complete |  0
|2026|0x00000000fea00000, 0x00000000feb00000, 0x00000000feb00000|100%| O|Cm|TAMS 0x00000000fea00000| PB 0x00000000fea00000| Complete |  0
|2027|0x00000000feb00000, 0x00000000fec00000, 0x00000000fec00000|100%| O|  |TAMS 0x00000000feb00000| PB 0x00000000feb00000| Untracked |  0
|2028|0x00000000fec00000, 0x00000000fed00000, 0x00000000fed00000|100%| O|Cm|TAMS 0x00000000fec00000| PB 0x00000000fec00000| Complete |  0
|2029|0x00000000fed00000, 0x00000000fee00000, 0x00000000fee00000|100%| O|Cm|TAMS 0x00000000fed00000| PB 0x00000000fed00000| Complete |  0
|2030|0x00000000fee00000, 0x00000000fef00000, 0x00000000fef00000|100%| O|  |TAMS 0x00000000fee00000| PB 0x00000000fee00000| Untracked |  0
|2031|0x00000000fef00000, 0x00000000ff000000, 0x00000000ff000000|100%| E|CS|TAMS 0x00000000fef00000| PB 0x00000000fef00000| Complete |  0
|2032|0x00000000ff000000, 0x00000000ff100000, 0x00000000ff100000|100%| E|CS|TAMS 0x00000000ff000000| PB 0x00000000ff000000| Complete |  0
|2033|0x00000000ff100000, 0x00000000ff200000, 0x00000000ff200000|100%| O|  |TAMS 0x00000000ff100000| PB 0x00000000ff100000| Untracked |  0
|2034|0x00000000ff200000, 0x00000000ff300000, 0x00000000ff300000|100%| E|CS|TAMS 0x00000000ff200000| PB 0x00000000ff200000| Complete |  0
|2035|0x00000000ff300000, 0x00000000ff400000, 0x00000000ff400000|100%| E|CS|TAMS 0x00000000ff300000| PB 0x00000000ff300000| Complete |  0
|2036|0x00000000ff400000, 0x00000000ff500000, 0x00000000ff500000|100%| O|  |TAMS 0x00000000ff400000| PB 0x00000000ff400000| Untracked |  0
|2037|0x00000000ff500000, 0x00000000ff600000, 0x00000000ff600000|100%| E|CS|TAMS 0x00000000ff500000| PB 0x00000000ff500000| Complete |  0
|2038|0x00000000ff600000, 0x00000000ff700000, 0x00000000ff700000|100%| O|  |TAMS 0x00000000ff600000| PB 0x00000000ff600000| Untracked |  0
|2039|0x00000000ff700000, 0x00000000ff800000, 0x00000000ff800000|100%| E|CS|TAMS 0x00000000ff700000| PB 0x00000000ff700000| Complete |  0
|2040|0x00000000ff800000, 0x00000000ff900000, 0x00000000ff900000|100%| O|  |TAMS 0x00000000ff800000| PB 0x00000000ff800000| Untracked |  0
|2041|0x00000000ff900000, 0x00000000ffa00000, 0x00000000ffa00000|100%| E|CS|TAMS 0x00000000ff900000| PB 0x00000000ff900000| Complete |  0
|2042|0x00000000ffa00000, 0x00000000ffb00000, 0x00000000ffb00000|100%| O|  |TAMS 0x00000000ffa00000| PB 0x00000000ffa00000| Untracked |  0
|2043|0x00000000ffb00000, 0x00000000ffc00000, 0x00000000ffc00000|100%| O|  |TAMS 0x00000000ffb00000| PB 0x00000000ffb00000| Untracked |  0
|2044|0x00000000ffc00000, 0x00000000ffd00000, 0x00000000ffd00000|100%| O|  |TAMS 0x00000000ffc00000| PB 0x00000000ffc00000| Untracked |  0
|2045|0x00000000ffd00000, 0x00000000ffe00000, 0x00000000ffe00000|100%| O|  |TAMS 0x00000000ffd00000| PB 0x00000000ffd00000| Untracked |  0
|2046|0x00000000ffe00000, 0x00000000fff00000, 0x00000000fff00000|100%| O|  |TAMS 0x00000000ffe00000| PB 0x00000000ffe00000| Untracked |  0
|2047|0x00000000fff00000, 0x0000000100000000, 0x0000000100000000|100%| O|  |TAMS 0x00000000fff00000| PB 0x00000000fff00000| Untracked |  0

Card table byte_map: [0x0000020e12fd0000,0x0000020e133d0000] _byte_map_base: 0x0000020e12bd0000

Marking Bits: (CMBitMap*) 0x0000020e7df3f9b0
 Bits: [0x0000020e133d0000, 0x0000020e153d0000)

Polling page: 0x0000020e7f890000

Metaspace:
Metaspace        used 199291K, committed 201984K, reserved 1245184K
 class space     used 28649K, committed 29888K, reserved 1048576K

Usage:
  Non-class:    166.64 MB used.
      Class:     27.98 MB used.
       Both:    194.62 MB used.

Virtual space:
  Non-class space:      192.00 MB reserved,     168.06 MB ( 88%) committed,  3 nodes.
      Class space:        1.00 GB reserved,      29.19 MB (  3%) committed,  1 nodes.
             Both:        1.19 GB reserved,     197.25 MB ( 16%) committed. 

Chunk freelists:
   Non-Class:  7.97 MB
       Class:  2.77 MB
        Both:  10.73 MB

MaxMetaspaceSize: unlimited
CompressedClassSpaceSize: 1.00 GB
Initial GC threshold: 21.00 MB
Current GC threshold: 319.50 MB
CDS: off
 - commit_granule_bytes: 65536.
 - commit_granule_words: 8192.
 - virtual_space_node_default_size: 8388608.
 - enlarge_chunks_in_place: 1.
UseCompressedClassPointers 1, UseCompactObjectHeaders 0
Narrow klass pointer bits 32, Max shift 3
Narrow klass base: 0x0000000000000000, Narrow klass shift: 0
Encoding Range: [0x0000000000000000 - 0x0000000100000000), (4294967296 bytes)
Klass Range:    [0x0000000033000000 - 0x0000000073000000), (1073741824 bytes)
Klass ID Range:  [855638016 - 1929379833) (1073741817)
No protection zone.


Internal statistics:

num_allocs_failed_limit: 6.
num_arena_births: 5228.
num_arena_deaths: 60.
num_vsnodes_births: 4.
num_vsnodes_deaths: 0.
num_space_committed: 3154.
num_space_uncommitted: 0.
num_chunks_returned_to_freelist: 95.
num_chunks_taken_from_freelist: 13450.
num_chunk_merges: 31.
num_chunk_splits: 9171.
num_chunks_enlarged: 6282.
num_inconsistent_stats: 0.

CodeHeap 'non-profiled nmethods': size=120064Kb used=5359Kb max_used=7563Kb free=114704Kb
 bounds [0x0000020e0af10000, 0x0000020e0b6a0000, 0x0000020e12450000]
CodeHeap 'profiled nmethods': size=120064Kb used=20850Kb max_used=26915Kb free=99213Kb
 bounds [0x0000020e03430000, 0x0000020e04e80000, 0x0000020e0a970000]
CodeHeap 'non-nmethods': size=5760Kb used=2283Kb max_used=2459Kb free=3476Kb
 bounds [0x0000020e0a970000, 0x0000020e0ac00000, 0x0000020e0af10000]
CodeCache: size=245888Kb, used=28492Kb, max_used=36937Kb, free=217393Kb
 total_blobs=13945, nmethods=12836, adapters=1011, full_count=0
Compilation: enabled, stopped_count=0, restarted_count=0

Compilation events (20 events):
Event: 482.850 Thread 0x0000020e1803e930 nmethod 29779 0x0000020e041f1a08 code [0x0000020e041f1b00, 0x0000020e041f1c50]
Event: 482.854 Thread 0x0000020e1803e930 29780       2       java.math.MutableBigInteger::compare (106 bytes)
Event: 482.855 Thread 0x0000020e1803e930 nmethod 29780 0x0000020e042f3808 code [0x0000020e042f3900, 0x0000020e042f3bc8]
Event: 482.855 Thread 0x0000020e1803e930 29781       2       java.math.MutableBigInteger::primitiveRightShift (79 bytes)
Event: 482.855 Thread 0x0000020e1803e930 nmethod 29781 0x0000020e04097988 code [0x0000020e04097a80, 0x0000020e04097cc8]
Event: 482.855 Thread 0x0000020e1803e930 29782       2       java.math.MutableBigInteger::add (346 bytes)
Event: 482.856 Thread 0x0000020e1803e930 nmethod 29782 0x0000020e03da4c08 code [0x0000020e03da4d00, 0x0000020e03da5428]
Event: 482.856 Thread 0x0000020e1803e930 29783       2       java.math.MutableBigInteger::subtract (220 bytes)
Event: 482.856 Thread 0x0000020e1803e930 nmethod 29783 0x0000020e03854088 code [0x0000020e03854180, 0x0000020e03854690]
Event: 482.856 Thread 0x0000020e1803e930 29789 %     3       java.math.MutableBigInteger::primitiveRightShift @ 31 (79 bytes)
Event: 482.856 Thread 0x0000020e1803e930 nmethod 29789% 0x0000020e039d3c88 code [0x0000020e039d3d80, 0x0000020e039d4120]
Event: 482.856 Thread 0x0000020e1803e930 29785       2       java.math.MutableBigInteger::primitiveLeftShift (90 bytes)
Event: 482.857 Thread 0x0000020e1803e930 nmethod 29785 0x0000020e040b8388 code [0x0000020e040b8480, 0x0000020e040b86d8]
Event: 482.857 Thread 0x0000020e1803e930 29793 %     3       java.math.MutableBigInteger::add @ 67 (346 bytes)
Event: 482.857 Thread 0x0000020e1803e930 nmethod 29793% 0x0000020e034b6c08 code [0x0000020e034b6d00, 0x0000020e034b7780]
Event: 482.857 Thread 0x0000020e1803e930 29798       3       java.math.MutableBigInteger::primitiveRightShift (79 bytes)
Event: 482.858 Thread 0x0000020e1803e930 nmethod 29798 0x0000020e04307288 code [0x0000020e04307380, 0x0000020e04307608]
Event: 482.858 Thread 0x0000020e1803e930 29794 %     3       java.math.MutableBigInteger::subtract @ 77 (220 bytes)
Event: 482.858 Thread 0x0000020e1803e930 nmethod 29794% 0x0000020e036df188 code [0x0000020e036df280, 0x0000020e036dfc00]
Event: 482.858 Thread 0x0000020e1803e930 29797 %     3       java.math.MutableBigInteger::primitiveLeftShift @ 32 (90 bytes)

GC Heap Usage History (20 events):
Event: 479.637 {heap Before GC invocations=71 (full 0):
 garbage-first heap   total reserved 2097152K, committed 445440K, used 345884K [0x0000000080000000, 0x0000000100000000)
  region size 1024K, 77 young (78848K), 9 survivors (9216K)
}
Event: 479.643 {heap After GC invocations=72 (full 0):
 garbage-first heap   total reserved 2097152K, committed 445440K, used 279114K [0x0000000080000000, 0x0000000100000000)
  region size 1024K, 10 young (10240K), 10 survivors (10240K)
}
Event: 480.272 {heap Before GC invocations=73 (full 0):
 garbage-first heap   total reserved 2097152K, committed 473088K, used 424522K [0x0000000080000000, 0x0000000100000000)
  region size 1024K, 137 young (140288K), 10 survivors (10240K)
}
Event: 480.281 {heap After GC invocations=74 (full 0):
 garbage-first heap   total reserved 2097152K, committed 473088K, used 292308K [0x0000000080000000, 0x0000000100000000)
  region size 1024K, 18 young (18432K), 18 survivors (18432K)
}
Event: 480.523 {heap Before GC invocations=74 (full 0):
 garbage-first heap   total reserved 2097152K, committed 473088K, used 435668K [0x0000000080000000, 0x0000000100000000)
  region size 1024K, 159 young (162816K), 18 survivors (18432K)
}
Event: 480.536 {heap After GC invocations=75 (full 0):
 garbage-first heap   total reserved 2097152K, committed 473088K, used 287504K [0x0000000080000000, 0x0000000100000000)
  region size 1024K, 14 young (14336K), 14 survivors (14336K)
}
Event: 480.717 {heap Before GC invocations=75 (full 0):
 garbage-first heap   total reserved 2097152K, committed 473088K, used 368400K [0x0000000080000000, 0x0000000100000000)
  region size 1024K, 95 young (97280K), 14 survivors (14336K)
}
Event: 480.724 {heap After GC invocations=76 (full 0):
 garbage-first heap   total reserved 2097152K, committed 561152K, used 285298K [0x0000000080000000, 0x0000000100000000)
  region size 1024K, 6 young (6144K), 6 survivors (6144K)
}
Event: 481.253 {heap Before GC invocations=77 (full 0):
 garbage-first heap   total reserved 2097152K, committed 561152K, used 522866K [0x0000000080000000, 0x0000000100000000)
  region size 1024K, 237 young (242688K), 6 survivors (6144K)
}
Event: 481.265 {heap After GC invocations=78 (full 0):
 garbage-first heap   total reserved 2097152K, committed 561152K, used 308579K [0x0000000080000000, 0x0000000100000000)
  region size 1024K, 28 young (28672K), 28 survivors (28672K)
}
Event: 481.342 {heap Before GC invocations=78 (full 0):
 garbage-first heap   total reserved 2097152K, committed 561152K, used 516451K [0x0000000080000000, 0x0000000100000000)
  region size 1024K, 232 young (237568K), 28 survivors (28672K)
}
Event: 481.357 {heap After GC invocations=79 (full 0):
 garbage-first heap   total reserved 2097152K, committed 561152K, used 307252K [0x0000000080000000, 0x0000000100000000)
  region size 1024K, 7 young (7168K), 7 survivors (7168K)
}
Event: 481.403 {heap Before GC invocations=79 (full 0):
 garbage-first heap   total reserved 2097152K, committed 561152K, used 405556K [0x0000000080000000, 0x0000000100000000)
  region size 1024K, 105 young (107520K), 7 survivors (7168K)
}
Event: 481.406 {heap After GC invocations=80 (full 0):
 garbage-first heap   total reserved 2097152K, committed 561152K, used 303492K [0x0000000080000000, 0x0000000100000000)
  region size 1024K, 3 young (3072K), 3 survivors (3072K)
}
Event: 481.798 {heap Before GC invocations=81 (full 0):
 garbage-first heap   total reserved 2097152K, committed 561152K, used 534916K [0x0000000080000000, 0x0000000100000000)
  region size 1024K, 224 young (229376K), 3 survivors (3072K)
}
Event: 481.803 {heap After GC invocations=82 (full 0):
 garbage-first heap   total reserved 2097152K, committed 561152K, used 311155K [0x0000000080000000, 0x0000000100000000)
  region size 1024K, 9 young (9216K), 9 survivors (9216K)
}
Event: 482.196 {heap Before GC invocations=82 (full 0):
 garbage-first heap   total reserved 2097152K, committed 561152K, used 535411K [0x0000000080000000, 0x0000000100000000)
  region size 1024K, 224 young (229376K), 9 survivors (9216K)
}
Event: 482.205 {heap After GC invocations=83 (full 0):
 garbage-first heap   total reserved 2097152K, committed 561152K, used 310740K [0x0000000080000000, 0x0000000100000000)
  region size 1024K, 12 young (12288K), 12 survivors (12288K)
}
Event: 482.369 {heap Before GC invocations=83 (full 0):
 garbage-first heap   total reserved 2097152K, committed 561152K, used 397780K [0x0000000080000000, 0x0000000100000000)
  region size 1024K, 99 young (101376K), 12 survivors (12288K)
}
Event: 482.373 {heap After GC invocations=84 (full 0):
 garbage-first heap   total reserved 2097152K, committed 561152K, used 303732K [0x0000000080000000, 0x0000000100000000)
  region size 1024K, 7 young (7168K), 7 survivors (7168K)
}

Metaspace Usage History (20 events):
Event: 479.637 {metaspace Before GC invocations=71 (full 0):
 Metaspace       used 184855K, committed 187520K, reserved 1245184K
  class space    used 26748K, committed 27968K, reserved 1048576K
}
Event: 479.643 {metaspace After GC invocations=72 (full 0):
 Metaspace       used 184855K, committed 187520K, reserved 1245184K
  class space    used 26748K, committed 27968K, reserved 1048576K
}
Event: 480.272 {metaspace Before GC invocations=73 (full 0):
 Metaspace       used 185724K, committed 188416K, reserved 1245184K
  class space    used 26850K, committed 28096K, reserved 1048576K
}
Event: 480.281 {metaspace After GC invocations=74 (full 0):
 Metaspace       used 185724K, committed 188416K, reserved 1245184K
  class space    used 26850K, committed 28096K, reserved 1048576K
}
Event: 480.523 {metaspace Before GC invocations=74 (full 0):
 Metaspace       used 186439K, committed 189056K, reserved 1245184K
  class space    used 26900K, committed 28096K, reserved 1048576K
}
Event: 480.536 {metaspace After GC invocations=75 (full 0):
 Metaspace       used 186439K, committed 189056K, reserved 1245184K
  class space    used 26900K, committed 28096K, reserved 1048576K
}
Event: 480.717 {metaspace Before GC invocations=75 (full 0):
 Metaspace       used 186913K, committed 189568K, reserved 1245184K
  class space    used 26938K, committed 28160K, reserved 1048576K
}
Event: 480.724 {metaspace After GC invocations=76 (full 0):
 Metaspace       used 186913K, committed 189568K, reserved 1245184K
  class space    used 26938K, committed 28160K, reserved 1048576K
}
Event: 481.253 {metaspace Before GC invocations=77 (full 0):
 Metaspace       used 188209K, committed 190976K, reserved 1245184K
  class space    used 27120K, committed 28416K, reserved 1048576K
}
Event: 481.265 {metaspace After GC invocations=78 (full 0):
 Metaspace       used 188209K, committed 190976K, reserved 1245184K
  class space    used 27120K, committed 28416K, reserved 1048576K
}
Event: 481.342 {metaspace Before GC invocations=78 (full 0):
 Metaspace       used 188301K, committed 191040K, reserved 1245184K
  class space    used 27120K, committed 28416K, reserved 1048576K
}
Event: 481.357 {metaspace After GC invocations=79 (full 0):
 Metaspace       used 188301K, committed 191040K, reserved 1245184K
  class space    used 27120K, committed 28416K, reserved 1048576K
}
Event: 481.403 {metaspace Before GC invocations=79 (full 0):
 Metaspace       used 188359K, committed 191040K, reserved 1245184K
  class space    used 27122K, committed 28416K, reserved 1048576K
}
Event: 481.406 {metaspace After GC invocations=80 (full 0):
 Metaspace       used 188359K, committed 191040K, reserved 1245184K
  class space    used 27122K, committed 28416K, reserved 1048576K
}
Event: 481.798 {metaspace Before GC invocations=81 (full 0):
 Metaspace       used 189192K, committed 191872K, reserved 1245184K
  class space    used 27214K, committed 28480K, reserved 1048576K
}
Event: 481.803 {metaspace After GC invocations=82 (full 0):
 Metaspace       used 189192K, committed 191872K, reserved 1245184K
  class space    used 27214K, committed 28480K, reserved 1048576K
}
Event: 482.196 {metaspace Before GC invocations=82 (full 0):
 Metaspace       used 191149K, committed 193792K, reserved 1245184K
  class space    used 27483K, committed 28736K, reserved 1048576K
}
Event: 482.205 {metaspace After GC invocations=83 (full 0):
 Metaspace       used 191149K, committed 193792K, reserved 1245184K
  class space    used 27483K, committed 28736K, reserved 1048576K
}
Event: 482.369 {metaspace Before GC invocations=83 (full 0):
 Metaspace       used 193103K, committed 195776K, reserved 1245184K
  class space    used 27756K, committed 28992K, reserved 1048576K
}
Event: 482.373 {metaspace After GC invocations=84 (full 0):
 Metaspace       used 193103K, committed 195776K, reserved 1245184K
  class space    used 27756K, committed 28992K, reserved 1048576K
}

Dll operation events (3 events):
Event: 0.013 Loaded shared library C:\Program Files\Android\Android Studio\jbr\bin\java.dll
Event: 0.021 Loaded shared library C:\Program Files\Android\Android Studio\jbr\bin\zip.dll
Event: 0.360 Loaded shared library C:\Program Files\Android\Android Studio\jbr\bin\verify.dll

Deoptimization events (20 events):
Event: 482.637 Thread 0x0000020e275299d0 DEOPT PACKING pc=0x0000020e03f43214 sp=0x00000082702fede0
Event: 482.637 Thread 0x0000020e275299d0 DEOPT UNPACKING pc=0x0000020e0a9c1702 sp=0x00000082702fe320 mode 0
Event: 482.637 Thread 0x0000020e2752b910 DEOPT PACKING pc=0x0000020e03f43214 sp=0x00000082701fea70
Event: 482.637 Thread 0x0000020e2752b910 DEOPT UNPACKING pc=0x0000020e0a9c1702 sp=0x00000082701fdfb0 mode 0
Event: 482.676 Thread 0x0000020e27a708f0 Uncommon trap: trap_request=0xffffffde fr.pc=0x0000020e0b28d780 relative=0x0000000000000080
Event: 482.676 Thread 0x0000020e27a708f0 Uncommon trap: reason=class_check action=maybe_recompile pc=0x0000020e0b28d780 method=com.android.tools.r8.internal.vk3.b(Ljava/util/Map$Entry;)I @ 6 c2
Event: 482.676 Thread 0x0000020e27a708f0 DEOPT PACKING pc=0x0000020e0b28d780 sp=0x000000826f9f8dc0
Event: 482.676 Thread 0x0000020e27a708f0 DEOPT UNPACKING pc=0x0000020e0aa88d02 sp=0x000000826f9f8ce0 mode 2
Event: 482.676 Thread 0x0000020e27a708f0 Uncommon trap: trap_request=0xffffffde fr.pc=0x0000020e0b28d780 relative=0x0000000000000080
Event: 482.676 Thread 0x0000020e27a708f0 Uncommon trap: reason=class_check action=maybe_recompile pc=0x0000020e0b28d780 method=com.android.tools.r8.internal.vk3.b(Ljava/util/Map$Entry;)I @ 6 c2
Event: 482.676 Thread 0x0000020e27a708f0 DEOPT PACKING pc=0x0000020e0b28d780 sp=0x000000826f9f8d40
Event: 482.676 Thread 0x0000020e27a708f0 DEOPT UNPACKING pc=0x0000020e0aa88d02 sp=0x000000826f9f8c60 mode 2
Event: 482.676 Thread 0x0000020e27a708f0 Uncommon trap: trap_request=0xffffffde fr.pc=0x0000020e0b28d780 relative=0x0000000000000080
Event: 482.676 Thread 0x0000020e27a708f0 Uncommon trap: reason=class_check action=maybe_recompile pc=0x0000020e0b28d780 method=com.android.tools.r8.internal.vk3.b(Ljava/util/Map$Entry;)I @ 6 c2
Event: 482.676 Thread 0x0000020e27a708f0 DEOPT PACKING pc=0x0000020e0b28d780 sp=0x000000826f9f8d40
Event: 482.676 Thread 0x0000020e27a708f0 DEOPT UNPACKING pc=0x0000020e0aa88d02 sp=0x000000826f9f8c60 mode 2
Event: 482.857 Thread 0x0000020e292a7610 DEOPT PACKING pc=0x0000020e04097c4e sp=0x00000082715fcf60
Event: 482.857 Thread 0x0000020e292a7610 DEOPT UNPACKING pc=0x0000020e0a9c1702 sp=0x00000082715fc400 mode 0
Event: 482.858 Thread 0x0000020e292a7610 DEOPT PACKING pc=0x0000020e035e0b6e sp=0x00000082715fcdb0
Event: 482.858 Thread 0x0000020e292a7610 DEOPT UNPACKING pc=0x0000020e0a9c1702 sp=0x00000082715fc208 mode 0

Classes loaded (20 events):
Event: 482.783 Loading class java/nio/BufferOverflowException
Event: 482.783 Loading class java/nio/BufferOverflowException done
Event: 482.789 Loading class java/security/DigestException
Event: 482.789 Loading class java/security/DigestException done
Event: 482.791 Loading class java/security/spec/InvalidKeySpecException
Event: 482.792 Loading class java/security/spec/InvalidKeySpecException done
Event: 482.792 Loading class java/security/InvalidAlgorithmParameterException
Event: 482.792 Loading class java/security/InvalidAlgorithmParameterException done
Event: 482.804 Loading class java/security/spec/MGF1ParameterSpec
Event: 482.804 Loading class java/security/spec/MGF1ParameterSpec done
Event: 482.810 Loading class java/util/concurrent/ForkJoinTask$AdaptedInterruptibleRunnable
Event: 482.810 Loading class java/util/concurrent/ForkJoinTask$AdaptedInterruptibleRunnable done
Event: 482.832 Loading class java/lang/runtime/ObjectMethods
Event: 482.833 Loading class java/lang/runtime/ObjectMethods done
Event: 482.852 Loading class sun/security/rsa/RSACore$BlindingParameters
Event: 482.852 Loading class sun/security/rsa/RSACore$BlindingParameters done
Event: 482.852 Loading class sun/security/jca/JCAUtil$CachedSecureRandomHolder
Event: 482.852 Loading class sun/security/jca/JCAUtil$CachedSecureRandomHolder done
Event: 482.853 Loading class java/math/SignedMutableBigInteger
Event: 482.853 Loading class java/math/SignedMutableBigInteger done

Classes unloaded (20 events):
Event: 475.582 Thread 0x0000020e17ff9360 Unloading class 0x0000000034529800 'java/lang/invoke/LambdaForm$MH+0x0000000034529800'
Event: 475.582 Thread 0x0000020e17ff9360 Unloading class 0x0000000034529000 'java/lang/invoke/LambdaForm$MH+0x0000000034529000'
Event: 475.582 Thread 0x0000020e17ff9360 Unloading class 0x0000000034529400 'java/lang/invoke/LambdaForm$MH+0x0000000034529400'
Event: 475.582 Thread 0x0000020e17ff9360 Unloading class 0x0000000034528c00 'java/lang/invoke/LambdaForm$MH+0x0000000034528c00'
Event: 475.582 Thread 0x0000020e17ff9360 Unloading class 0x0000000034528800 'java/lang/invoke/LambdaForm$MH+0x0000000034528800'
Event: 475.582 Thread 0x0000020e17ff9360 Unloading class 0x0000000034528400 'java/lang/invoke/LambdaForm$MH+0x0000000034528400'
Event: 475.582 Thread 0x0000020e17ff9360 Unloading class 0x0000000034528000 'java/lang/invoke/LambdaForm$MH+0x0000000034528000'
Event: 475.582 Thread 0x0000020e17ff9360 Unloading class 0x0000000033fac000 'java/lang/invoke/LambdaForm$MH+0x0000000033fac000'
Event: 479.783 Thread 0x0000020e17ff9360 Unloading class 0x0000000034858400 'java/lang/invoke/LambdaForm$DMH+0x0000000034858400'
Event: 479.783 Thread 0x0000020e17ff9360 Unloading class 0x0000000034840400 'java/lang/invoke/LambdaForm$DMH+0x0000000034840400'
Event: 479.783 Thread 0x0000020e17ff9360 Unloading class 0x000000003477c400 'java/lang/invoke/LambdaForm$DMH+0x000000003477c400'
Event: 479.783 Thread 0x0000020e17ff9360 Unloading class 0x000000003477c800 'java/lang/invoke/LambdaForm$DMH+0x000000003477c800'
Event: 479.783 Thread 0x0000020e17ff9360 Unloading class 0x000000003477cc00 'java/lang/invoke/LambdaForm$DMH+0x000000003477cc00'
Event: 480.871 Thread 0x0000020e17ff9360 Unloading class 0x0000000034a74400 'java/lang/invoke/LambdaForm$DMH+0x0000000034a74400'
Event: 480.871 Thread 0x0000020e17ff9360 Unloading class 0x0000000034a3c800 'java/lang/invoke/LambdaForm$DMH+0x0000000034a3c800'
Event: 480.871 Thread 0x0000020e17ff9360 Unloading class 0x0000000034a3c400 'java/lang/invoke/LambdaForm$DMH+0x0000000034a3c400'
Event: 481.561 Thread 0x0000020e17ff9360 Unloading class 0x0000000034b0c400 'java/lang/invoke/LambdaForm$DMH+0x0000000034b0c400'
Event: 481.561 Thread 0x0000020e17ff9360 Unloading class 0x0000000034b00400 'java/lang/invoke/LambdaForm$DMH+0x0000000034b00400'
Event: 481.561 Thread 0x0000020e17ff9360 Unloading class 0x0000000034ad0800 'java/lang/invoke/LambdaForm$DMH+0x0000000034ad0800'
Event: 481.562 Thread 0x0000020e17ff9360 Unloading class 0x0000000034ac0400 'java/lang/invoke/LambdaForm$DMH+0x0000000034ac0400'

Classes redefined (0 events):
No events

Internal exceptions (20 events):
Event: 482.828 Thread 0x0000020e292a7610 Exception <a 'sun/nio/fs/WindowsException'{0x0000000096275a38}> (0x0000000096275a38) 
thrown [s\src\hotspot\share\prims\jni.cpp, line 535]
Event: 482.830 Thread 0x0000020e292a7610 Exception <a 'sun/nio/fs/WindowsException'{0x00000000962fce00}> (0x00000000962fce00) 
thrown [s\src\hotspot\share\prims\jni.cpp, line 535]
Event: 482.830 Thread 0x0000020e292a7610 Exception <a 'sun/nio/fs/WindowsException'{0x0000000096104c20}> (0x0000000096104c20) 
thrown [s\src\hotspot\share\prims\jni.cpp, line 535]
Event: 482.831 Thread 0x0000020e292a7610 Exception <a 'sun/nio/fs/WindowsException'{0x000000009618a5d0}> (0x000000009618a5d0) 
thrown [s\src\hotspot\share\prims\jni.cpp, line 535]
Event: 482.832 Thread 0x0000020e292a7610 Exception <a 'sun/nio/fs/WindowsException'{0x00000000961d3da0}> (0x00000000961d3da0) 
thrown [s\src\hotspot\share\prims\jni.cpp, line 535]
Event: 482.833 Thread 0x0000020e292a7610 Exception <a 'sun/nio/fs/WindowsException'{0x0000000096004778}> (0x0000000096004778) 
thrown [s\src\hotspot\share\prims\jni.cpp, line 535]
Event: 482.835 Thread 0x0000020e292a7610 Exception <a 'sun/nio/fs/WindowsException'{0x0000000095f16620}> (0x0000000095f16620) 
thrown [s\src\hotspot\share\prims\jni.cpp, line 535]
Event: 482.838 Thread 0x0000020e292a7610 Exception <a 'sun/nio/fs/WindowsException'{0x0000000095f884e0}> (0x0000000095f884e0) 
thrown [s\src\hotspot\share\prims\jni.cpp, line 535]
Event: 482.839 Thread 0x0000020e292a7610 Exception <a 'sun/nio/fs/WindowsException'{0x0000000095e02270}> (0x0000000095e02270) 
thrown [s\src\hotspot\share\prims\jni.cpp, line 535]
Event: 482.840 Thread 0x0000020e292a7610 Exception <a 'sun/nio/fs/WindowsException'{0x0000000095d023a0}> (0x0000000095d023a0) 
thrown [s\src\hotspot\share\prims\jni.cpp, line 535]
Event: 482.841 Thread 0x0000020e292a7610 Exception <a 'sun/nio/fs/WindowsException'{0x0000000095d0aa50}> (0x0000000095d0aa50) 
thrown [s\src\hotspot\share\prims\jni.cpp, line 535]
Event: 482.843 Thread 0x0000020e292a7610 Exception <a 'sun/nio/fs/WindowsException'{0x0000000095d123c0}> (0x0000000095d123c0) 
thrown [s\src\hotspot\share\prims\jni.cpp, line 535]
Event: 482.843 Thread 0x0000020e292a7610 Exception <a 'sun/nio/fs/WindowsException'{0x0000000095d99400}> (0x0000000095d99400) 
thrown [s\src\hotspot\share\prims\jni.cpp, line 535]
Event: 482.844 Thread 0x0000020e292a7610 Exception <a 'sun/nio/fs/WindowsException'{0x0000000095da4068}> (0x0000000095da4068) 
thrown [s\src\hotspot\share\prims\jni.cpp, line 535]
Event: 482.845 Thread 0x0000020e292a7610 Exception <a 'sun/nio/fs/WindowsException'{0x0000000095c7e358}> (0x0000000095c7e358) 
thrown [s\src\hotspot\share\prims\jni.cpp, line 535]
Event: 482.846 Thread 0x0000020e292a7610 Exception <a 'sun/nio/fs/WindowsException'{0x0000000095c84c98}> (0x0000000095c84c98) 
thrown [s\src\hotspot\share\prims\jni.cpp, line 535]
Event: 482.847 Thread 0x0000020e292a7610 Exception <a 'sun/nio/fs/WindowsException'{0x0000000095c90818}> (0x0000000095c90818) 
thrown [s\src\hotspot\share\prims\jni.cpp, line 535]
Event: 482.847 Thread 0x0000020e292a7610 Exception <a 'sun/nio/fs/WindowsException'{0x0000000095b06588}> (0x0000000095b06588) 
thrown [s\src\hotspot\share\prims\jni.cpp, line 535]
Event: 482.848 Thread 0x0000020e292a7610 Exception <a 'sun/nio/fs/WindowsException'{0x0000000095bf43b0}> (0x0000000095bf43b0) 
thrown [s\src\hotspot\share\prims\jni.cpp, line 535]
Event: 482.850 Thread 0x0000020e292a7610 Exception <a 'sun/nio/fs/WindowsException'{0x0000000095a84550}> (0x0000000095a84550) 
thrown [s\src\hotspot\share\prims\jni.cpp, line 535]

VM Operations (20 events):
Event: 482.347 Executing non-safepoint VM operation: HandshakeAllThreads (Deoptimize)
Event: 482.347 Executing non-safepoint VM operation: HandshakeAllThreads (Deoptimize) done
Event: 482.354 Executing non-safepoint VM operation: HandshakeAllThreads (Deoptimize)
Event: 482.354 Executing non-safepoint VM operation: HandshakeAllThreads (Deoptimize) done
Event: 482.361 Executing non-safepoint VM operation: HandshakeAllThreads (Deoptimize)
Event: 482.362 Executing non-safepoint VM operation: HandshakeAllThreads (Deoptimize) done
Event: 482.365 Executing non-safepoint VM operation: HandshakeAllThreads (Deoptimize)
Event: 482.365 Executing non-safepoint VM operation: HandshakeAllThreads (Deoptimize) done
Event: 482.369 Executing safepoint VM operation: G1TryInitiateConcMark (G1 Humongous Allocation)
Event: 482.373 Executing safepoint VM operation: G1TryInitiateConcMark (G1 Humongous Allocation) done
Event: 482.396 Executing non-safepoint VM operation: HandshakeAllThreads (Deoptimize)
Event: 482.397 Executing non-safepoint VM operation: HandshakeAllThreads (Deoptimize) done
Event: 482.408 Executing non-safepoint VM operation: HandshakeAllThreads (Deoptimize)
Event: 482.408 Executing non-safepoint VM operation: HandshakeAllThreads (Deoptimize) done
Event: 482.485 Executing safepoint VM operation: G1PauseRemark
Event: 482.496 Executing safepoint VM operation: G1PauseRemark done
Event: 482.513 Executing non-safepoint VM operation: HandshakeAllThreads (Deoptimize)
Event: 482.513 Executing non-safepoint VM operation: HandshakeAllThreads (Deoptimize) done
Event: 482.538 Executing safepoint VM operation: G1PauseCleanup
Event: 482.539 Executing safepoint VM operation: G1PauseCleanup done

Memory protections (0 events):
No events

Nmethod flushes (20 events):
Event: 482.494 Thread 0x0000020e17ff9360 flushing  nmethod 0x0000020e0488b988
Event: 482.494 Thread 0x0000020e17ff9360 flushing  nmethod 0x0000020e0488d008
Event: 482.494 Thread 0x0000020e17ff9360 flushing  nmethod 0x0000020e04994008
Event: 482.494 Thread 0x0000020e17ff9360 flushing  nmethod 0x0000020e04ac4f08
Event: 482.494 Thread 0x0000020e17ff9360 flushing  nmethod 0x0000020e04ac5908
Event: 482.494 Thread 0x0000020e17ff9360 flushing  nmethod 0x0000020e04ac8408
Event: 482.494 Thread 0x0000020e17ff9360 flushing  nmethod 0x0000020e04aef088
Event: 482.494 Thread 0x0000020e17ff9360 flushing  nmethod 0x0000020e04af0408
Event: 482.494 Thread 0x0000020e17ff9360 flushing  nmethod 0x0000020e04af3288
Event: 482.494 Thread 0x0000020e17ff9360 flushing osr nmethod 0x0000020e04af4008
Event: 482.494 Thread 0x0000020e17ff9360 flushing  nmethod 0x0000020e04bc2288
Event: 482.494 Thread 0x0000020e17ff9360 flushing  nmethod 0x0000020e04c88988
Event: 482.494 Thread 0x0000020e17ff9360 flushing  nmethod 0x0000020e04d92d08
Event: 482.494 Thread 0x0000020e17ff9360 flushing  nmethod 0x0000020e04d93a08
Event: 482.494 Thread 0x0000020e17ff9360 flushing  nmethod 0x0000020e04d93d08
Event: 482.494 Thread 0x0000020e17ff9360 flushing  nmethod 0x0000020e04e29c08
Event: 482.494 Thread 0x0000020e17ff9360 flushing  nmethod 0x0000020e04e29f08
Event: 482.494 Thread 0x0000020e17ff9360 flushing  nmethod 0x0000020e04e2a408
Event: 482.494 Thread 0x0000020e17ff9360 flushing  nmethod 0x0000020e04e2a708
Event: 482.494 Thread 0x0000020e17ff9360 flushing  nmethod 0x0000020e04e2dd88

Events (20 events):
Event: 482.010 Thread 0x0000020e21793c80 Thread exited: 0x0000020e21793c80
Event: 482.010 Thread 0x0000020e21f5cd30 Thread exited: 0x0000020e21f5cd30
Event: 482.011 Thread 0x0000020e20fe36f0 Thread exited: 0x0000020e20fe36f0
Event: 482.011 Thread 0x0000020e2171be10 Thread exited: 0x0000020e2171be10
Event: 482.011 Thread 0x0000020e2870ac60 Thread exited: 0x0000020e2870ac60
Event: 482.011 Thread 0x0000020e2171a6a0 Thread exited: 0x0000020e2171a6a0
Event: 482.011 Thread 0x0000020e20fe2750 Thread exited: 0x0000020e20fe2750
Event: 482.011 Thread 0x0000020e28a578b0 Thread exited: 0x0000020e28a578b0
Event: 482.106 Thread 0x0000020e280c93e0 Thread added: 0x0000020e27f18b30
Event: 482.514 Thread 0x0000020e292a7610 Thread added: 0x0000020e295dc660
Event: 482.514 Thread 0x0000020e292a7610 Thread added: 0x0000020e295dce30
Event: 482.514 Thread 0x0000020e295dc660 Thread added: 0x0000020e28e1f810
Event: 482.524 Thread 0x0000020e295dc660 Thread added: 0x0000020e28e20f80
Event: 482.525 Thread 0x0000020e295dce30 Thread added: 0x0000020e20143340
Event: 482.531 Thread 0x0000020e295dce30 Thread added: 0x0000020e20144ab0
Event: 482.532 Thread 0x0000020e295dce30 Thread added: 0x0000020e20143b10
Event: 482.811 Thread 0x0000020e292a7610 Thread added: 0x0000020e320c1270
Event: 482.811 Thread 0x0000020e28e1f810 Thread added: 0x0000020e28a578b0
Event: 482.811 Thread 0x0000020e292a7610 Thread added: 0x0000020e320bf330
Event: 482.811 Thread 0x0000020e292a7610 Thread added: 0x0000020e320c1a40


Dynamic libraries:
0x00007ff6d8a40000 - 0x00007ff6d8a4a000 	C:\Program Files\Android\Android Studio\jbr\bin\java.exe
0x00007ffa89f90000 - 0x00007ffa8a1a6000 	C:\Windows\SYSTEM32\ntdll.dll
0x00007ffa88720000 - 0x00007ffa887e4000 	C:\Windows\System32\KERNEL32.DLL
0x00007ffa875d0000 - 0x00007ffa87977000 	C:\Windows\System32\KERNELBASE.dll
0x00007ffa87ba0000 - 0x00007ffa87cb1000 	C:\Windows\System32\ucrtbase.dll
0x00007ffa5e2e0000 - 0x00007ffa5e2fb000 	C:\Program Files\Android\Android Studio\jbr\bin\VCRUNTIME140.dll
0x00007ffa5b990000 - 0x00007ffa5b9a6000 	C:\Program Files\Android\Android Studio\jbr\bin\jli.dll
0x00007ffa880d0000 - 0x00007ffa8827e000 	C:\Windows\System32\USER32.dll
0x00007ffa87a20000 - 0x00007ffa87a46000 	C:\Windows\System32\win32u.dll
0x00007ffa89a90000 - 0x00007ffa89ab9000 	C:\Windows\System32\GDI32.dll
0x00007ffa87a80000 - 0x00007ffa87b99000 	C:\Windows\System32\gdi32full.dll
0x00007ffa87980000 - 0x00007ffa87a1a000 	C:\Windows\System32\msvcp_win.dll
0x00007ffa7a790000 - 0x00007ffa7aa23000 	C:\Windows\WinSxS\amd64_microsoft.windows.common-controls_6595b64144ccf1df_6.0.22621.3235_none_270f74e173860f98\COMCTL32.dll
0x00007ffa88300000 - 0x00007ffa883a7000 	C:\Windows\System32\msvcrt.dll
0x00007ffa88570000 - 0x00007ffa885a1000 	C:\Windows\System32\IMM32.DLL
0x00007ffa81870000 - 0x00007ffa8187c000 	C:\Program Files\Android\Android Studio\jbr\bin\vcruntime140_1.dll
0x00007ffa0e820000 - 0x00007ffa0e8ad000 	C:\Program Files\Android\Android Studio\jbr\bin\msvcp140.dll
0x00007ffa08a30000 - 0x00007ffa0990d000 	C:\Program Files\Android\Android Studio\jbr\bin\server\jvm.dll
0x00007ffa89720000 - 0x00007ffa897d2000 	C:\Windows\System32\ADVAPI32.dll
0x00007ffa87e20000 - 0x00007ffa87ec8000 	C:\Windows\System32\sechost.dll
0x00007ffa87a50000 - 0x00007ffa87a78000 	C:\Windows\System32\bcrypt.dll
0x00007ffa89840000 - 0x00007ffa89955000 	C:\Windows\System32\RPCRT4.dll
0x00007ffa89a10000 - 0x00007ffa89a81000 	C:\Windows\System32\WS2_32.dll
0x00007ffa86f20000 - 0x00007ffa86f6d000 	C:\Windows\SYSTEM32\POWRPROF.dll
0x00007ffa7fd20000 - 0x00007ffa7fd54000 	C:\Windows\SYSTEM32\WINMM.dll
0x00007ffa7f3a0000 - 0x00007ffa7f3aa000 	C:\Windows\SYSTEM32\VERSION.dll
0x00007ffa86f00000 - 0x00007ffa86f13000 	C:\Windows\SYSTEM32\UMPDC.dll
0x00007ffa86260000 - 0x00007ffa86278000 	C:\Windows\SYSTEM32\kernel.appcore.dll
0x00007ffa80a30000 - 0x00007ffa80a3a000 	C:\Program Files\Android\Android Studio\jbr\bin\jimage.dll
0x00007ffa84980000 - 0x00007ffa84bb3000 	C:\Windows\SYSTEM32\DBGHELP.DLL
0x00007ffa89390000 - 0x00007ffa89718000 	C:\Windows\System32\combase.dll
0x00007ffa87ed0000 - 0x00007ffa87fa7000 	C:\Windows\System32\OLEAUT32.dll
0x00007ffa5a570000 - 0x00007ffa5a5a2000 	C:\Windows\SYSTEM32\dbgcore.DLL
0x00007ffa87320000 - 0x00007ffa87399000 	C:\Windows\System32\bcryptPrimitives.dll
0x00007ffa5e250000 - 0x00007ffa5e25e000 	C:\Program Files\Android\Android Studio\jbr\bin\instrument.dll
0x00007ffa5c140000 - 0x00007ffa5c15e000 	C:\Program Files\Android\Android Studio\jbr\bin\java.dll
0x00007ffa883b0000 - 0x00007ffa88555000 	C:\Windows\System32\ole32.dll
0x00007ffa88a00000 - 0x00007ffa8925c000 	C:\Windows\System32\SHELL32.dll
0x00007ffa5bfb0000 - 0x00007ffa5bfc6000 	C:\Program Files\Android\Android Studio\jbr\bin\zip.dll
0x00007ffa851e0000 - 0x00007ffa85ad9000 	C:\Windows\SYSTEM32\windows.storage.dll
0x00007ffa850a0000 - 0x00007ffa851de000 	C:\Windows\SYSTEM32\wintypes.dll
0x00007ffa885b0000 - 0x00007ffa886a3000 	C:\Windows\System32\SHCORE.dll
0x00007ffa897e0000 - 0x00007ffa8983e000 	C:\Windows\System32\shlwapi.dll
0x00007ffa871e0000 - 0x00007ffa87201000 	C:\Windows\SYSTEM32\profapi.dll
0x00007ffa80580000 - 0x00007ffa80590000 	C:\Program Files\Android\Android Studio\jbr\bin\net.dll
0x00007ffa86720000 - 0x00007ffa86789000 	C:\Windows\system32\mswsock.dll
0x00007ffa5bcc0000 - 0x00007ffa5bcd6000 	C:\Program Files\Android\Android Studio\jbr\bin\nio.dll
0x00007ffa6e340000 - 0x00007ffa6e350000 	C:\Program Files\Android\Android Studio\jbr\bin\verify.dll
0x00007ffa5aff0000 - 0x00007ffa5b017000 	C:\Users\Admin\.gradle\native\660c5614fbf4a5f2a75b1949f50a0caf5cd603558e7d8a26e50b933a0cfb79d1\windows-amd64\native-platform.dll
0x00007ffa0af20000 - 0x00007ffa0af97000 	C:\Users\Admin\.gradle\native\0.2.8\x86_64-windows-gnu\gradle-fileevents.dll
0x00007ffa7ea60000 - 0x00007ffa7ea69000 	C:\Program Files\Android\Android Studio\jbr\bin\management.dll
0x00007ffa790e0000 - 0x00007ffa790eb000 	C:\Program Files\Android\Android Studio\jbr\bin\management_ext.dll
0x00007ffa87fd0000 - 0x00007ffa87fd8000 	C:\Windows\System32\PSAPI.DLL
0x00007ffa85d40000 - 0x00007ffa85d6d000 	C:\Windows\SYSTEM32\IPHLPAPI.DLL
0x00007ffa89380000 - 0x00007ffa89389000 	C:\Windows\System32\NSI.dll
0x00007ffa7f740000 - 0x00007ffa7f749000 	C:\Program Files\Android\Android Studio\jbr\bin\extnet.dll
0x00007ffa86a70000 - 0x00007ffa86a8b000 	C:\Windows\SYSTEM32\CRYPTSP.dll
0x00007ffa86220000 - 0x00007ffa86255000 	C:\Windows\system32\rsaenh.dll
0x00007ffa867c0000 - 0x00007ffa867e8000 	C:\Windows\SYSTEM32\USERENV.dll
0x00007ffa86a50000 - 0x00007ffa86a5c000 	C:\Windows\SYSTEM32\CRYPTBASE.dll
0x00007ffa84040000 - 0x00007ffa84048000 	C:\Windows\system32\wshunix.dll
0x00007ffa862e0000 - 0x00007ffa86314000 	C:\Windows\SYSTEM32\ntmarta.dll

JVMTI agents:
C:\Users\Admin\.gradle\wrapper\dists\gradle-9.6.0-bin\42k10rwplmzkhuboz9kdazi7s\gradle-9.6.0\lib\agents\gradle-instrumentation-agent-9.6.0.jar path:C:\Program Files\Android\Android Studio\jbr\bin\instrument.dll, loaded, initialized, instrumentlib options:none

dbghelp: loaded successfully - version: 4.0.5 - missing functions: none
symbol engine: initialized successfully - sym options: 0x614 - pdb path: .;C:\Program Files\Android\Android Studio\jbr\bin;C:\Windows\SYSTEM32;C:\Windows\WinSxS\amd64_microsoft.windows.common-controls_6595b64144ccf1df_6.0.22621.3235_none_270f74e173860f98;C:\Program Files\Android\Android Studio\jbr\bin\server;C:\Users\Admin\.gradle\native\660c5614fbf4a5f2a75b1949f50a0caf5cd603558e7d8a26e50b933a0cfb79d1\windows-amd64;C:\Users\Admin\.gradle\native\0.2.8\x86_64-windows-gnu

VM Arguments:
jvm_args: --add-opens=java.base/java.lang=ALL-UNNAMED --add-opens=java.base/java.lang.invoke=ALL-UNNAMED --add-opens=java.base/java.util=ALL-UNNAMED --add-opens=java.prefs/java.util.prefs=ALL-UNNAMED --add-exports=jdk.compiler/com.sun.tools.javac.api=ALL-UNNAMED --add-exports=jdk.compiler/com.sun.tools.javac.util=ALL-UNNAMED --add-opens=java.base/java.nio.charset=ALL-UNNAMED --add-opens=java.base/java.net=ALL-UNNAMED --add-opens=java.base/java.util.concurrent=ALL-UNNAMED --add-opens=java.base/java.util.concurrent.atomic=ALL-UNNAMED --add-opens=java.xml/javax.xml.namespace=ALL-UNNAMED --add-opens=java.base/java.time=ALL-UNNAMED --enable-native-access=ALL-UNNAMED -Xmx2048m -Dfile.encoding=UTF-8 -Duser.country=PE -Duser.language=es -Duser.variant -javaagent:C:\Users\Admin\.gradle\wrapper\dists\gradle-9.6.0-bin\42k10rwplmzkhuboz9kdazi7s\gradle-9.6.0\lib\agents\gradle-instrumentation-agent-9.6.0.jar 
java_command: org.gradle.launcher.daemon.bootstrap.GradleDaemon 9.6.0
java_class_path (initial): C:\Users\Admin\.gradle\wrapper\dists\gradle-9.6.0-bin\42k10rwplmzkhuboz9kdazi7s\gradle-9.6.0\lib\gradle-daemon-main-9.6.0.jar
Launcher Type: SUN_STANDARD

[Global flags]
     intx CICompilerCount                          = 4                                         {product} {ergonomic}
     uint ConcGCThreads                            = 3                                         {product} {ergonomic}
     uint G1ConcRefinementThreads                  = 10                                        {product} {ergonomic}
   size_t G1HeapRegionSize                         = 1048576                                   {product} {ergonomic}
   size_t InitialHeapSize                          = 130023424                                 {product} {ergonomic}
   size_t MarkStackSize                            = 4194304                                   {product} {ergonomic}
   size_t MarkStackSizeMax                         = 536870912                                 {product} {ergonomic}
   size_t MaxHeapSize                              = 2147483648                                {product} {command line}
   size_t MaxNewSize                               = 1287651328                                {product} {ergonomic}
   size_t MinHeapDeltaBytes                        = 1048576                                   {product} {ergonomic}
   size_t MinHeapSize                              = 8388608                                   {product} {ergonomic}
    uintx NonNMethodCodeHeapSize                   = 5898240                                {pd product} {ergonomic}
    uintx NonProfiledCodeHeapSize                  = 122945536                              {pd product} {ergonomic}
    uintx ProfiledCodeHeapSize                     = 122945536                              {pd product} {ergonomic}
    uintx ReservedCodeCacheSize                    = 251789312                              {pd product} {ergonomic}
     bool SegmentedCodeCache                       = true                                      {product} {ergonomic}
   size_t SoftMaxHeapSize                          = 2147483648                             {manageable} {ergonomic}
     bool UseCompressedOops                        = true                           {product lp64_product} {ergonomic}
     bool UseG1GC                                  = true                                      {product} {ergonomic}
     bool UseLargePagesIndividualAllocation        = false                                  {pd product} {ergonomic}

Logging:
Log output configuration:
 #0: stdout all=warning uptime,level,tags foldmultilines=false
 #1: stderr all=off uptime,level,tags foldmultilines=false

Release file:
JAVA_VERSION="25.0.3" 
MODULES="java.base java.compiler java.datatransfer java.xml java.prefs java.desktop java.instrument java.logging java.management java.security.sasl java.naming java.rmi java.management.rmi java.net.http java.scripting java.security.jgss java.transaction.xa java.sql java.sql.rowset java.xml.crypto java.se java.smartcardio jdk.accessibility jdk.internal.jvmstat jdk.attach jdk.charsets jdk.internal.opt jdk.zipfs jdk.compiler jdk.crypto.cryptoki jdk.crypto.ec jdk.dynalink jdk.hotspot.agent jdk.httpserver jdk.internal.ed jdk.internal.le jdk.internal.md jdk.internal.vm.ci jdk.jartool jdk.javadoc jdk.jcmd jdk.jdeps jdk.jdwp.agent jdk.jdi jdk.jfr jdk.jlink jdk.localedata jdk.management jdk.management.agent jdk.management.jfr jdk.naming.dns jdk.naming.rmi jdk.net jdk.sctp jdk.security.auth jdk.security.jgss jdk.unsupported jdk.unsupported.desktop jdk.xml.dom" 
IMPLEMENTOR="JetBrains s.r.o." 
JAVA_RUNTIME_VERSION="25.0.3+-15898627-b508.16" 
LIBC="default" 
OS_ARCH="x86_64" 
OS_NAME="Windows" 
SOURCE=".:git:a8b1dba3234f" 

Environment Variables:
PATH=C:\Windows\system32;C:\Windows;C:\Windows\System32\Wbem;C:\Windows\System32\WindowsPowerShell\v1.0\;C:\Windows\System32\OpenSSH\;C:\Program Files\NVIDIA Corporation\NVIDIA App\NvDLISR;C:\Program Files (x86)\NVIDIA Corporation\PhysX\Common;C:\Program Files\dotnet\;C:\Users\Admin\AppData\Local\Microsoft\WindowsApps;C:\Users\Admin\AppData\Local\Programs\Microsoft VS Code\bin
USERNAME=Admin
OS=Windows_NT
PROCESSOR_IDENTIFIER=Intel64 Family 6 Model 186 Stepping 2, GenuineIntel
TMP=C:\Users\Admin\AppData\Local\Temp
TEMP=C:\Users\Admin\AppData\Local\Temp




Compilation memory statistics disabled.

Periodic native trim disabled

JNI global refs:
JNI global refs: 24, weak refs: 308

JNI global refs memory usage: 835, weak refs: 3993

Process memory usage:
Resident Set Size: 939032K (11% of 8004036K total physical memory with 336484K free physical memory)

OOME stack traces (most recent first):
Classloader memory used:
Loader org.gradle.internal.classloader.VisitableURLClassLoader$InstrumentingVisitableURLClassLoader: 80830 K
Loader org.gradle.internal.classloader.VisitableURLClassLoader                         : 52044 K
Loader bootstrap                                                                       : 32997 K
Loader org.gradle.initialization.MixInLegacyTypesClassLoader                           : 18050 K
Loader org.gradle.internal.classloader.VisitableURLClassLoader                         : 8516 K
Loader jdk.internal.loader.ClassLoaders$AppClassLoader                                 : 6263 K
Loader jdk.internal.loader.ClassLoaders$PlatformClassLoader                            : 387 K
Loader org.gradle.groovy.scripts.internal.DefaultScriptCompilationHandler$ScriptClassLoader: 199 K
Loader sun.reflect.misc.MethodUtil                                                     : 2968 B

